codes,BR01,BR02,BR03,BR04,BR05,BR06,BR07,BR08,BR09,BR10,BR11,BR12,BR13,BR14,BR15,BR16,BR17,BR18,BR19,BR20,BR21,BR22,BR23,BR24,R02,R03,R04,R05,R06,R07,R08,R09,R10,R11,R12,R13,R14,R15,R16,R17,R18,R19,R20,R21,R22,R22A,R23,R24,R25,R26,R27,R28,G01,G02,G03,G03A,G04,G05,G06,G07,G08,G09,G10,G11,G12,G13,G14,G15,G16,G17,G18,G19,O01,O02,O03,O04,O05,O06,O07,O08,O09,O10,O11,O12,O13,O14,O15,O16,O17,O18,O19,O20,O21,O50,O51,O52,O53,O54,BL01,BL02,BL03,BL04,BL05,BL06,BL07,BL08,BL09,BL10,BL11,BL12,BL13,BL14,BL15,BL16,BL17,BL18,BL19,BL20,BL21,BL22,BL23,Y07,Y08,Y09,Y10,Y11,Y12,Y13,Y14,Y15,Y16,Y17,Y18,Y19,Y20
BR01,0,20,20,20,20,20,25,25,25,30,30,30,35,40,40,45,45,45,50,50,45,45,40,40,30,30,30,25,30,30,30,35,35,35,35,35,35,40,40,45,45,45,50,50,50,50,55,55,55,60,60,65,45,45,40,45,40,40,35,35,35,30,30,35,35,35,35,30,30,30,35,35,40,40,35,35,30,30,30,30,35,35,35,35,40,40,40,45,45,45,50,55,55,40,40,45,45,45,55,55,55,50,50,45,45,45,40,35,35,35,30,30,30,30,30,30,35,35,35,40,40,40,45,40,40,40,40,45,45,45,45,45,45,50,50
BR02,20,0,20,20,20,20,20,25,25,25,30,30,35,35,40,40,45,45,45,45,45,45,40,40,30,30,25,25,25,30,30,30,30,35,35,35,35,40,40,40,45,45,45,50,50,50,50,55,55,60,60,65,45,45,40,45,40,40,35,35,30,30,30,30,35,35,35,30,30,30,35,35,40,40,35,35,30,30,30,30,30,35,35,35,40,40,40,45,45,45,50,50,55,40,40,40,45,45,55,55,50,50,45,45,45,40,40,35,35,30,30,30,25,30,30,30,30,35,35,40,40,40,40,40,40,40,40,40,45,45,45,40,45,45,50
BR03,20,20,0,20,20,20,20,25,25,25,30,30,30,35,40,40,40,45,45,45,45,40,40,40,30,30,25,25,25,25,30,30,30,30,35,35,35,40,40,40,45,45,45,45,50,50,50,55,55,55,60,60,45,40,40,45,40,35,35,35,30,30,30,30,30,35,30,30,30,30,30,35,40,35,35,35,30,25,30,30,30,35,35,35,35,40,40,45,45,45,50,50,55,40,40,40,45,45,55,55,50,50,45,45,45,40,40,35,30,30,30,30,25,25,30,30,30,35,35,35,40,40,40,40,40,35,40,40,40,45,45,40,45,45,50
BR04,20,20,20,0,20,20,20,20,25,25,25,30,30,35,35,40,40,40,45,45,40,40,40,35,25,25,25,25,25,25,30,30,30,30,30,30,35,35,40,40,40,40,45,45,45,50,50,50,55,55,60,60,40,40,40,40,35,35,35,30,30,30,30,30,30,30,30,30,25,30,30,30,35,35,35,30,30,25,25,30,30,30,30,35,35,35,40,40,40,45,45,50,50,35,40,40,40,45,55,50,50,45,45,40,40,40,40,30,30,30,30,25,25,25,25,30,30,30,35,35,35,35,40,40,35,35,40,40,40,40,40,40,40,45,45
BR05,20,20,20,20,0,20,20,20,20,25,25,25,30,35,35,40,40,40,45,45,40,40,35,35,25,25,25,20,25,25,25,30,25,30,30,30,30,35,35,40,40,40,45,45,45,45,50,50,50,55,55,60,40,40,35,40,35,35,30,30,30,25,25,30,30,30,30,25,25,25,30,30,35,35,30,30,25,25,25,25,30,30,30,30,35,35,35,40,40,40,45,45,50,35,35,40,40,40,55,50,50,45,45,40,40,40,35,30,30,25,25,25,25,25,25,25,30,30,30,35,35,35,40,35,35,35,35,40,40,40,40,40,40,40,45
BR06,20,20,20,20,20,0,20,20,20,20,20,25,25,30,35,35,35,40,40,40,40,35,35,35,25,20,20,20,20,20,25,25,25,25,25,30,30,30,35,35,35,40,40,40,45,45,45,50,50,55,55,60,40,35,35,40,35,30,30,25,25,25,25,25,25,30,25,25,20,25,25,30,35,30,30,25,25,20,20,25,25,25,30,30,30,35,35,35,40,40,40,45,45,30,35,35,35,40,50,45,45,45,40,40,35,35,35,30,25,25,25,20,20,20,20,25,25,25,30,30,35,35,35,35,35,30,35,35,35,40,35,35,40,40,40
BR07,25,20,20,20,20,20,0,20,20,20,20,20,25,30,30,35,35,35,40,40,35,35,35,30,20,20,20,20,20,20,20,25,25,25,25,25,30,30,30,35,35,35,40,40,40,45,45,45,50,50,55,55,35,35,35,35,30,30,30,25,25,20,20,25,25,25,25,25,20,20,25,25,30,30,30,25,20,20,20,25,25,25,25,25,30,30,35,35,35,40,40,45,45,30,35,35,35,35,50,45,45,40,40,35,35,35,30,25,25,25,20,20,20,20,20,25,25,25,30,30,30,30,35,35,30,30,30,35,35,35,35,35,35,40,40
BR08,25,25,25,20,20,20,20,0,20,20,20,20,25,25,30,30,35,35,35,35,35,35,30,30,20,20,20,20,20,20,20,20,20,25,25,25,25,30,30,30,35,35,35,40,40,40,40,45,45,50,55,55,35,35,30,35,30,30,25,25,20,20,20,20,25,25,25,20,20,20,25,25,30,30,25,25,20,20,20,20,20,25,25,25,30,30,30,35,35,35,40,40,45,30,30,30,35,35,45,45,40,40,35,35,35,30,30,25,25,20,20,20,20,20,20,20,20,25,25,30,30,30,30,30,30,30,30,30,35,35,35,30,35,35,40
BR09,25,25,25,25,20,20,20,20,0,20,20,20,20,25,30,30,30,35,35,35,35,30,30,30,20,20,20,20,20,20,20,20,20,20,20,25,25,25,30,30,30,35,35,35,40,40,40,45,45,50,50,55,35,30,30,35,30,25,25,20,20,20,20,20,20,25,20,20,20,20,20,25,30,25,25,25,20,20,20,20,20,20,25,25,25,30,30,30,35,35,40,40,45,25,30,30,30,35,45,45,40,40,35,35,35,30,30,25,20,20,20,20,20,20,20,20,20,20,25,25,30,30,30,30,30,25,30,30,30,35,35,30,35,35,35
BR10,30,25,25,25,25,20,20,20,20,0,20,20,20,25,25,30,30,30,35,35,30,30,30,25,20,20,20,20,20,20,20,20,20,20,20,20,25,25,30,30,30,30,35,35,35,40,40,40,45,45,50,55,35,35,30,35,30,30,25,25,20,20,20,20,20,20,20,20,20,20,20,20,30,30,25,25,20,20,20,20,20,20,20,25,25,25,30,30,30,35,35,40,40,25,30,30,30,35,45,40,40,40,35,35,30,30,30,25,20,20,20,20,20,20,20,20,20,20,25,25,25,30,30,30,30,30,30,30,35,35,30,30,30,35,35
BR11,30,30,30,25,25,20,20,20,20,20,0,20,20,20,25,25,30,30,30,35,35,30,30,30,20,20,20,20,20,20,20,20,20,20,20,20,20,25,25,30,30,30,30,35,35,35,40,40,40,45,50,50,35,35,35,35,30,30,30,25,25,20,20,25,20,20,20,20,20,20,20,20,30,30,30,25,20,20,20,20,20,20,20,20,25,25,25,30,30,35,35,40,40,25,25,25,30,30,45,40,40,40,35,35,30,30,30,25,20,20,20,20,20,20,20,20,20,25,25,30,30,30,35,35,30,30,30,35,35,35,30,30,30,35,35
BR12,30,30,30,30,25,25,20,20,20,20,20,0,20,20,25,25,25,30,30,30,35,35,30,30,25,25,20,20,20,20,25,20,20,20,20,20,25,25,25,30,30,30,35,35,35,40,40,40,45,45,50,55,40,35,35,40,35,30,30,25,25,25,25,25,25,20,20,20,20,20,20,20,35,30,30,25,25,20,20,20,20,20,20,20,25,25,30,30,35,35,35,40,40,25,30,30,30,30,45,45,40,40,35,35,35,30,30,25,25,20,20,20,20,20,20,20,25,25,25,30,30,35,35,35,35,30,35,35,35,35,35,30,35,35,35
BR13,35,35,30,30,30,25,25,25,20,20,20,20,0,20,20,25,25,25,30,30,30,35,35,35,25,25,25,20,25,25,25,25,25,20,25,25,25,30,30,30,35,35,35,40,40,40,40,45,45,50,50,55,40,40,35,40,35,35,30,30,30,25,25,25,25,25,20,20,20,20,20,25,35,35,30,30,25,25,20,20,20,25,25,25,25,30,30,35,35,35,40,40,45,30,30,30,35,35,50,45,45,40,40,35,35,35,35,30,25,25,25,20,20,20,25,25,25,25,30,30,35,35,40,35,35,35,35,40,40,40,35,35,35,35,40
BR14,40,35,35,35,35,30,30,25,25,25,20,20,20,0,20,20,20,20,25,25,30,30,30,30,30,30,30,25,25,30,30,30,25,25,25,30,30,30,35,35,35,40,40,40,45,45,45,50,50,55,55,60,45,45,40,45,40,40,35,35,30,30,30,30,30,30,25,25,20,25,25,30,40,40,35,35,30,30,25,25,25,25,30,30,30,35,35,35,40,40,45,45,50,30,35,35,35,40,55,50,50,45,45,40,40,40,35,30,30,25,30,25,25,25,25,30,30,30,35,35,30,40,45,40,40,40,40,40,45,40,40,40,40,40,45
BR15,40,40,40,35,35,35,30,30,30,25,25,25,20,20,0,20,20,20,20,25,25,25,30,30,35,30,30,30,30,30,30,30,30,30,30,30,30,35,35,40,40,40,45,45,45,45,50,50,50,55,55,60,45,45,45,45,40,40,40,35,35,35,30,35,30,30,30,25,25,25,30,30,40,40,40,35,35,30,30,25,30,30,30,30,35,35,35,40,40,45,45,50,50,35,35,40,40,40,55,55,50,50,45,45,45,40,40,35,30,30,30,30,25,30,30,30,30,35,35,30,30,40,45,45,40,40,45,45,45,45,45,40,40,45,45
BR16,45,40,40,40,40,35,35,30,30,30,25,25,25,20,20,0,20,20,20,20,25,25,25,25,35,35,30,30,30,30,35,35,30,30,30,30,35,35,40,40,40,45,45,45,50,50,50,55,55,55,60,60,50,45,45,50,45,40,40,40,35,35,35,35,35,35,30,30,25,30,30,35,45,45,40,40,35,30,30,30,30,30,30,35,35,35,40,40,45,45,50,50,55,35,40,40,40,45,55,55,55,50,50,45,45,45,40,35,35,30,30,30,30,30,30,35,35,35,30,30,25,45,45,45,45,45,45,45,45,45,45,45,45,45,50
BR17,45,45,40,40,40,35,35,35,30,30,30,25,25,20,20,20,0,20,20,20,20,25,25,25,35,35,35,30,35,35,35,35,35,30,35,35,35,40,40,40,45,45,45,50,50,50,50,55,55,55,60,60,50,50,45,50,45,45,40,40,40,35,35,35,35,35,30,30,30,30,30,35,45,45,40,40,35,35,30,30,30,35,35,35,35,40,40,45,45,45,50,50,55,40,40,40,45,45,60,55,55,50,50,45,45,45,45,40,35,35,35,30,30,30,35,35,35,35,30,30,25,45,50,45,45,45,45,50,50,50,45,45,45,45,50
BR18,45,45,45,40,40,40,35,35,35,30,30,30,25,20,20,20,20,0,20,20,20,20,25,25,40,35,35,35,35,35,40,35,35,35,35,35,35,40,40,45,45,45,50,50,50,50,55,55,55,60,60,65,50,50,50,50,45,45,45,40,40,40,40,40,35,35,35,30,30,30,35,35,45,45,45,40,40,35,35,30,35,35,35,35,40,40,40,45,45,50,50,55,55,40,40,45,45,45,60,55,55,55,50,50,50,45,45,40,35,35,35,35,30,35,35,35,30,30,30,25,25,45,50,50,45,45,50,50,50,50,50,45,45,50,50
BR19,50,45,45,45,45,40,40,35,35,35,30,30,30,25,20,20,20,20,0,20,20,20,20,25,40,40,35,35,35,35,40,40,35,35,35,35,40,40,45,45,45,50,50,50,55,55,55,55,55,60,60,65,55,50,50,55,50,45,45,45,40,40,40,40,40,40,35,35,30,35,35,40,50,50,45,45,40,35,35,35,35,35,35,40,40,40,45,45,50,50,55,55,55,40,45,45,45,50,60,60,55,55,55,50,50,50,45,40,40,35,35,35,35,35,35,30,30,30,25,25,25,50,50,50,50,50,50,50,50,50,50,50,50,50,55
BR20,50,45,45,45,45,40,40,35,35,35,35,30,30,25,25,20,20,20,20,0,20,20,20,20,40,40,35,35,35,40,40,40,40,35,40,40,40,45,45,45,50,50,50,55,55,55,55,55,60,60,65,65,55,55,50,55,50,50,45,45,40,40,40,40,40,40,35,35,35,35,35,40,50,50,45,45,40,40,35,35,35,40,40,40,40,45,45,50,50,50,55,55,60,45,45,45,50,50,60,60,60,55,55,50,50,50,50,45,40,40,40,35,35,35,30,30,30,30,25,25,20,50,55,50,50,50,50,50,55,55,50,50,50,50,55
BR21,45,45,45,40,40,40,35,35,35,30,35,35,30,30,25,25,20,20,20,20,0,20,20,20,40,35,35,35,35,35,40,35,35,35,40,40,40,45,45,45,50,50,50,55,55,55,55,60,60,60,65,65,50,50,50,50,45,45,45,40,40,40,40,40,40,40,35,35,35,35,35,40,45,45,45,40,40,35,35,35,35,40,40,40,40,45,45,50,50,50,55,55,55,45,45,45,50,50,60,60,55,55,55,50,50,45,45,40,40,35,35,35,30,30,30,30,25,25,25,20,20,45,50,50,45,45,50,50,50,50,50,45,50,50,55
BR22,45,45,40,40,40,35,35,35,30,30,30,35,35,30,25,25,25,20,20,20,20,0,20,20,35,35,35,30,35,35,35,35,35,35,35,40,40,40,45,45,45,50,50,50,55,55,55,55,60,60,65,65,50,50,45,50,45,45,40,40,40,35,35,40,35,40,35,35,30,35,35,40,45,45,40,40,35,35,30,35,35,35,40,40,40,45,45,45,50,50,55,55,55,40,45,45,45,50,60,55,55,55,50,50,50,45,45,40,35,35,35,30,30,30,30,25,25,25,20,20,20,45,50,50,45,45,45,50,50,50,50,45,50,50,50
BR23,40,40,40,40,35,35,35,30,30,30,30,30,35,30,30,25,25,25,20,20,20,20,0,20,35,35,30,30,30,30,35,35,35,35,35,35,40,40,40,45,45,45,50,50,50,55,55,55,55,60,60,65,50,45,45,50,45,40,40,40,35,35,35,35,35,35,35,30,30,30,35,35,45,45,40,40,35,30,30,30,35,35,35,35,40,40,40,45,45,50,50,55,55,40,40,45,45,45,60,55,55,50,50,45,45,45,45,35,35,35,30,30,30,25,25,25,25,20,20,20,20,45,45,45,45,45,45,45,45,50,45,45,45,50,50
BR24,40,40,40,35,35,35,30,30,30,25,30,30,35,30,30,25,25,25,25,20,20,20,20,0,35,30,30,30,30,30,35,35,30,35,35,35,35,40,40,45,45,45,45,50,50,50,55,55,55,60,60,65,50,45,45,50,45,40,40,35,35,35,35,35,35,35,35,30,30,30,35,35,45,40,40,35,35,30,30,30,30,35,35,35,40,40,40,45,45,45,50,55,55,40,40,40,45,45,55,55,55,50,50,45,45,45,40,35,35,30,30,30,25,25,25,25,20,20,20,20,20,45,45,45,45,40,45,45,45,45,45,45,45,50,50
R02,30,30,30,25,25,25,20,20,20,20,20,25,25,30,35,35,35,40,40,40,40,35,35,35,0,20,20,20,20,20,25,25,25,25,25,30,30,30,35,35,35,40,40,40,45,45,45,50,50,55,55,60,40,35,35,40,35,30,30,25,25,25,25,25,25,30,25,25,20,25,25,30,35,30,30,25,25,20,20,25,25,25,30,30,30,35,35,35,40,40,40,45,45,30,35,35,35,40,50,50,45,45,40,40,35,35,35,30,25,25,25,20,20,20,25,25,25,25,30,30,35,35,35,35,35,30,35,35,35,40,35,35,40,40,40
R03,30,30,30,25,25,20,20,20,20,20,20,25,25,30,30,35,35,35,40,40,35,35,35,30,20,0,20,20,20,20,20,25,25,25,25,25,30,30,30,35,35,35,40,40,40,45,45,45,50,50,55,55,35,35,35,35,30,30,30,25,25,25,20,25,25,25,25,25,20,25,25,25,30,30,30,25,25,20,20,25,25,25,25,30,30,30,35,35,35,40,40,45,45,30,35,35,35,40,50,45,45,40,40,35,35,35,30,25,25,25,20,20,20,20,20,25,25,25,30,30,30,30,35,35,30,30,35,35,35,35,35,35,35,40,40
R04,30,25,25,25,25,20,20,20,20,20,20,20,25,30,30,30,35,35,35,35,35,35,30,30,20,20,0,20,20,20,20,20,20,25,25,25,25,30,30,35,35,35,35,40,40,40,45,45,45,50,55,55,35,35,30,35,30,30,25,25,20,20,20,20,25,25,25,20,20,20,25,25,30,30,25,25,20,20,20,20,20,25,25,25,30,30,30,35,35,35,40,40,45,30,30,30,35,35,50,45,45,40,40,35,35,30,30,25,25,20,20,20,20,20,20,20,25,25,25,30,30,30,35,30,30,30,30,30,35,35,35,30,35,35,40
R05,25,25,25,25,20,20,20,20,0,20,20,20,20,25,30,30,30,35,35,35,35,30,30,30,20,20,20,20,20,20,20,20,20,20,20,25,25,25,30,30,30,35,35,35,40,40,40,45,45,50,50,55,35,30,30,35,30,25,25,20,20,20,20,20,20,25,20,20,20,20,20,25,30,25,25,25,20,20,20,20,20,20,25,25,25,30,30,30,35,35,40,40,45,25,30,30,30,35,45,45,40,40,35,35,35,30,30,25,20,20,20,20,20,20,20,20,20,20,25,25,30,30,30,30,30,25,30,30,30,35,35,30,35,35,35
R06,30,25,25,25,25,20,20,20,20,20,20,20,25,25,30,30,35,35,35,35,35,35,30,30,20,20,20,20,0,20,20,20,20,20,20,25,25,25,30,30,30,35,35,35,40,40,40,45,45,50,50,55,30,30,30,30,25,25,25,20,20,20,20,20,20,20,20,20,20,20,25,25,25,25,25,20,20,20,20,20,20,20,25,25,25,30,30,30,30,35,35,40,40,25,30,30,30,35,45,40,40,35,35,30,30,30,30,25,20,20,20,20,20,20,20,20,20,25,25,30,30,25,30,30,25,25,30,30,30,35,30,30,30,35,35
R07,30,30,25,25,25,20,20,20,20,20,20,20,25,30,30,30,35,35,35,40,35,35,30,30,20,20,20,20,20,0,20,20,20,20,20,20,25,25,30,30,30,30,35,35,35,40,40,40,45,45,50,55,30,30,25,30,25,25,20,20,20,20,20,20,20,20,20,20,20,20,25,25,25,25,25,20,20,20,20,20,20,20,20,25,25,25,30,30,30,35,35,40,40,25,30,30,30,35,45,40,40,35,35,30,30,30,25,20,20,20,20,20,20,20,20,20,25,25,25,30,30,25,30,30,25,25,25,30,30,30,30,30,30,35,35
R08,30,30,30,30,25,25,20,20,20,20,20,25,25,30,30,35,35,40,40,40,40,35,35,35,25,20,20,20,20,20,0,20,20,20,20,20,20,25,25,30,30,30,30,35,35,35,40,40,40,45,50,50,30,30,25,30,25,25,20,20,20,20,20,20,20,20,20,20,20,25,25,30,25,25,20,20,20,20,20,20,20,20,20,20,25,25,25,30,30,30,35,35,35,25,25,25,30,30,40,40,35,35,30,30,30,25,25,20,20,20,20,20,20,20,25,25,25,25,30,30,35,25,30,25,25,25,25,25,30,30,30,25,30,30,30
R09,35,30,30,30,30,25,25,20,20,20,20,20,25,30,30,35,35,35,40,40,35,35,35,35,25,25,20,20,20,20,20,0,20,20,20,20,20,20,25,25,25,30,30,30,35,35,35,40,40,45,45,50,30,30,30,30,25,25,25,20,20,20,20,20,20,20,20,20,20,20,25,25,25,25,25,20,20,20,20,20,20,20,20,20,20,25,25,25,30,30,35,35,40,20,25,25,25,30,40,40,35,35,30,30,30,25,25,20,20,20,20,20,20,20,20,25,25,25,30,30,35,25,30,30,25,25,25,30,30,30,30,25,30,30,35
R10,35,30,30,30,25,25,25,20,20,20,20,20,25,25,30,30,35,35,35,40,35,35,35,30,25,25,20,20,20,20,20,20,0,20,20,20,20,20,25,25,25,25,30,30,30,35,35,35,40,40,45,50,30,30,30,30,30,25,25,20,20,20,20,20,20,20,20,20,20,20,25,25,25,25,25,20,20,20,20,20,20,20,20,20,20,20,25,25,30,30,30,35,35,20,25,25,25,30,40,35,35,35,30,30,25,25,25,20,20,20,20,20,20,20,20,20,25,25,25,30,30,30,30,30,30,25,30,30,30,30,25,25,30,30,30
R11,30,30,30,30,25,25,20,20,20,20,20,0,20,20,25,25,25,30,30,30,35,35,30,30,25,25,20,20,20,20,25,20,20,20,20,20,25,25,25,30,30,30,35,35,35,40,40,40,45,45,50,55,40,35,35,40,35,30,30,25,25,25,25,25,25,20,20,20,20,20,20,20,35,30,30,25,25,20,20,20,20,20,20,20,25,25,30,30,35,35,35,40,40,25,30,30,30,30,45,45,40,40,35,35,35,30,30,25,25,20,20,20,20,20,20,20,25,25,25,30,30,35,35,35,35,30,35,35,35,35,35,30,35,35,35
R12,35,35,35,30,30,25,25,25,20,20,20,20,25,25,30,30,35,35,35,40,40,35,35,35,25,25,25,20,20,20,20,20,20,20,0,20,20,20,20,25,25,25,30,30,30,30,35,35,35,40,45,45,35,35,30,35,30,30,25,25,20,20,20,20,20,20,20,20,20,20,20,25,30,30,25,25,20,20,20,20,20,20,20,20,20,20,20,25,25,30,30,35,35,20,20,25,25,25,45,40,40,35,35,30,30,25,25,20,20,20,20,20,20,20,25,25,25,25,30,30,35,30,30,30,30,30,30,30,35,30,30,25,25,30,30
R13,35,35,35,30,30,30,25,25,25,20,20,20,25,30,30,30,35,35,35,40,40,40,35,35,30,25,25,25,25,20,20,20,20,20,20,0,20,20,20,20,25,25,25,30,30,30,30,35,35,40,45,45,35,35,30,35,30,30,25,25,25,20,20,20,20,20,20,20,20,20,25,25,30,30,25,25,20,20,20,20,20,20,20,20,20,20,20,25,25,25,30,30,35,20,20,20,25,25,45,40,40,35,35,30,30,30,25,20,20,20,20,20,20,25,25,25,25,30,30,35,35,30,35,30,30,30,30,30,35,30,30,30,25,30,30
R14,35,35,35,35,30,30,30,25,25,25,20,25,25,30,30,35,35,35,40,40,40,40,40,35,30,30,25,25,25,25,20,20,20,20,20,20,0,20,20,20,20,25,25,25,30,30,30,35,35,40,40,45,35,35,35,35,30,30,30,25,25,25,20,20,20,20,20,20,20,25,25,25,30,30,30,25,25,25,20,20,20,20,20,20,20,20,20,25,25,30,30,35,35,20,20,25,25,25,45,40,40,40,35,35,30,30,30,25,20,20,20,20,25,25,25,25,30,30,30,35,35,30,35,35,30,30,35,35,35,35,30,30,25,30,30
R15,40,40,40,35,35,30,30,30,25,25,25,25,30,30,35,35,40,40,40,45,45,40,40,40,30,30,30,25,25,25,25,20,20,20,20,20,20,0,20,20,20,20,20,25,25,25,30,30,30,35,40,40,40,40,35,40,35,35,30,30,25,25,25,25,25,20,20,20,25,25,30,30,35,35,30,30,25,25,25,20,20,20,20,20,20,25,25,30,30,30,35,35,40,25,25,25,30,30,50,45,45,40,40,35,35,30,30,25,25,20,20,25,25,25,30,30,30,35,35,35,40,35,35,35,35,35,35,35,40,35,35,30,30,30,35
R16,40,40,40,40,35,35,30,30,30,30,25,25,30,35,35,40,40,40,45,45,45,45,40,40,35,30,30,30,30,30,25,25,25,20,20,20,20,20,0,20,20,20,20,20,25,25,25,30,30,35,35,40,40,40,40,40,35,35,35,30,30,25,25,25,25,25,20,25,25,25,30,30,35,35,35,30,25,30,25,25,25,20,20,20,25,25,25,30,30,35,35,40,40,25,25,30,30,30,50,45,45,40,40,35,35,35,35,30,25,25,25,25,30,30,30,30,35,35,35,40,40,35,40,40,35,35,40,40,40,40,35,35,30,35,35
R17,45,40,40,40,40,35,35,30,30,30,30,30,30,35,40,40,40,45,45,45,45,45,45,45,35,35,35,30,30,30,30,25,25,25,25,20,20,20,20,0,20,20,20,20,20,25,25,25,30,30,35,40,45,40,40,45,40,35,35,30,30,30,30,30,25,25,25,25,30,30,30,35,40,35,35,35,30,30,30,25,25,25,20,25,25,25,30,30,35,35,40,40,45,25,30,30,30,35,50,50,45,45,40,40,40,35,35,30,25,25,25,30,30,30,30,35,35,35,40,40,45,40,40,40,40,35,40,40,40,40,40,35,35,35,35
R18,45,45,45,40,40,35,35,35,30,30,30,30,35,35,40,40,45,45,45,50,50,45,45,45,35,35,35,30,30,30,30,25,25,25,25,25,20,20,20,20,0,20,20,20,20,20,25,25,25,30,35,35,45,45,40,45,40,40,35,35,30,30,30,30,30,25,25,25,30,30,35,35,40,40,35,35,30,30,30,25,25,25,25,25,25,30,30,35,35,35,40,40,45,30,30,30,35,35,55,50,50,45,45,40,40,35,35,30,30,25,30,30,30,30,35,35,35,40,40,40,45,40,45,40,40,40,40,40,45,40,40,35,35,35,40
R19,45,45,45,40,40,40,35,35,35,30,30,30,35,40,40,45,45,45,50,50,50,50,45,45,40,35,35,35,35,30,30,30,25,25,25,25,25,20,20,20,20,0,20,20,20,20,20,25,25,30,30,35,45,45,40,45,40,40,35,35,35,30,30,30,30,30,25,30,30,30,35,35,40,40,35,35,30,30,30,30,25,25,25,25,30,30,30,35,35,40,40,45,45,30,30,30,35,35,55,50,50,45,45,40,40,40,35,30,30,25,30,30,30,35,35,35,35,40,40,45,45,40,45,45,40,40,40,45,45,40,40,40,35,40,40
R20,50,45,45,45,45,40,40,35,35,35,30,35,35,40,45,45,45,50,50,50,50,50,50,45,40,40,35,35,35,35,30,30,30,30,30,25,25,20,20,20,20,20,0,20,20,20,20,20,25,25,30,35,50,45,45,50,45,40,40,35,35,35,30,35,30,30,30,30,30,35,35,40,45,40,40,35,35,35,30,30,30,30,25,30,30,30,35,35,40,40,45,45,45,30,35,35,35,40,55,55,50,50,45,45,45,40,40,35,30,30,30,30,35,35,35,40,40,40,45,45,45,45,45,45,45,40,45,45,45,45,45,40,40,40,40
R21,50,50,45,45,45,40,40,40,35,35,35,35,40,40,45,45,50,50,50,55,55,50,50,50,40,40,40,35,35,35,35,30,30,30,30,30,25,25,20,20,20,20,20,0,20,20,20,20,20,25,30,30,50,45,45,50,45,40,40,40,35,35,35,35,35,30,30,30,35,35,35,40,45,45,40,40,35,35,35,30,30,30,30,30,30,35,35,35,40,40,45,45,50,30,35,35,35,40,55,55,50,50,45,45,45,40,40,35,35,30,30,35,35,35,40,40,40,40,45,45,50,45,45,45,45,45,45,45,50,45,45,40,40,40,45
R22,50,50,50,45,45,45,40,40,40,35,35,35,40,45,45,50,50,50,55,55,55,55,50,50,45,40,40,40,40,35,35,35,30,30,30,30,30,25,25,20,20,20,20,20,0,20,20,20,20,25,25,30,50,50,45,50,45,45,40,40,40,35,35,35,35,35,30,35,35,35,40,40,45,45,40,40,35,35,35,35,30,30,30,30,35,35,35,40,40,40,45,50,50,35,35,35,40,40,55,55,55,50,50,45,45,45,40,35,35,30,35,35,35,40,40,40,40,45,45,50,50,45,50,45,45,45,45,50,50,45,45,45,40,45,45
R22A,50,50,50,50,45,45,45,40,40,40,35,40,40,45,45,50,50,50,55,55,55,55,55,50,45,45,40,40,40,40,35,35,35,35,30,30,30,25,25,25,20,20,20,20,20,0,20,20,20,25,30,35,50,50,50,50,45,45,45,40,40,40,35,40,35,35,35,35,35,40,40,40,45,45,45,40,40,40,35,35,35,30,30,30,35,35,35,40,40,45,45,50,50,35,35,40,40,40,60,55,55,55,50,50,45,45,45,40,35,35,35,35,40,40,40,40,45,45,45,50,50,45,50,50,50,45,50,50,50,50,45,45,40,45,45
R23,55,50,50,50,50,45,45,40,40,40,40,40,40,45,50,50,50,55,55,55,55,55,55,55,45,45,45,40,40,40,40,35,35,35,35,30,30,30,25,25,25,20,20,20,20,20,0,20,20,20,25,30,55,50,50,55,50,45,45,40,40,40,40,40,35,35,35,35,40,40,40,45,50,45,45,45,40,40,40,35,35,35,30,35,35,35,40,40,45,45,50,50,55,35,40,40,40,45,60,55,55,55,50,50,50,45,45,40,35,35,35,40,40,40,40,45,45,45,50,50,55,50,50,50,50,45,50,50,50,50,50,45,45,45,45
R24,55,55,55,50,50,50,45,45,45,40,40,40,45,50,50,55,55,55,55,55,60,55,55,55,50,45,45,45,45,40,40,40,35,35,35,35,35,30,30,25,25,25,20,20,20,20,20,0,20,20,20,25,55,55,50,55,50,50,45,45,45,40,40,40,40,40,35,40,40,40,45,45,50,50,45,45,40,40,40,40,35,35,35,35,40,40,40,45,45,45,50,55,55,40,40,40,45,45,60,60,55,55,55,50,50,50,45,40,40,35,40,40,40,45,45,45,45,50,50,55,55,50,55,50,50,50,50,55,55,50,50,50,45,50,50
R25,55,55,55,55,50,50,50,45,45,45,40,45,45,50,50,55,55,55,55,60,60,60,55,55,50,50,45,45,45,45,40,40,40,40,35,35,35,30,30,30,25,25,25,20,20,20,20,20,0,20,20,25,55,55,55,55,50,50,50,45,45,45,40,40,40,40,40,40,40,45,45,45,50,50,50,45,45,45,40,40,40,35,35,35,40,40,40,45,45,50,50,55,55,40,40,45,45,45,60,60,60,55,55,55,50,50,50,45,40,40,40,40,45,45,45,45,50,50,50,55,55,50,55,55,50,50,55,55,55,55,50,50,45,50,50
R26,60,60,55,55,55,55,50,50,50,45,45,45,50,55,55,55,55,60,60,60,60,60,60,60,55,50,50,50,50,45,45,45,40,40,40,40,40,35,35,30,30,30,25,25,25,25,20,20,20,0,20,20,60,55,55,60,55,55,50,50,50,45,45,45,45,45,40,45,45,45,50,50,55,55,50,50,45,45,45,45,40,40,40,40,45,45,45,50,50,55,55,55,60,45,45,45,50,50,65,60,60,60,55,55,55,55,50,45,45,40,45,45,45,50,50,50,50,55,55,55,60,55,55,55,55,55,55,55,55,55,55,55,50,55,55
R27,60,60,60,60,55,55,55,55,50,50,50,50,50,55,55,60,60,60,60,65,65,65,60,60,55,55,55,50,50,50,50,45,45,45,45,45,40,40,35,35,35,30,30,30,25,30,25,20,20,20,0,20,60,60,60,60,55,55,55,55,50,50,50,50,50,45,45,45,50,50,50,55,55,55,55,55,50,50,50,45,45,45,45,45,45,50,50,50,55,55,55,60,60,45,50,50,50,55,65,65,65,60,60,60,55,55,55,50,50,45,45,50,50,50,50,55,55,55,55,60,60,55,60,60,55,55,60,60,60,60,55,55,55,55,55
R28,65,65,60,60,60,60,55,55,55,55,50,55,55,60,60,60,60,65,65,65,65,65,65,65,60,55,55,55,55,55,50,50,50,50,45,45,45,40,40,40,35,35,35,30,30,35,30,25,25,20,20,0,65,60,60,65,60,60,55,55,55,55,50,55,50,50,50,50,50,55,55,55,60,60,55,55,55,55,50,50,50,45,45,45,50,50,50,55,55,60,60,60,65,50,50,55,55,55,65,65,65,65,60,60,60,60,55,55,50,50,50,50,55,55,55,55,55,60,60,60,65,60,60,60,60,60,60,60,60,60,60,60,55,60,60
G01,45,45,45,40,40,40,35,35,35,35,35,40,40,45,45,50,50,50,55,55,50,50,50,50,40,35,35,35,30,30,30,30,30,35,35,35,35,40,40,45,45,45,50,50,50,50,55,55,55,60,60,65,0,20,20,20,20,20,25,25,25,30,30,30,30,35,35,35,35,40,40,40,30,25,30,30,30,30,35,35,35,35,35,35,40,40,40,40,40,40,45,45,50,40,40,45,45,45,50,45,45,40,40,35,35,35,40,35,30,30,35,35,35,35,35,40,40,40,45,45,50,20,20,25,25,25,30,30,30,35,35,35,40,40,45
G02,45,45,40,40,40,35,35,35,30,35,35,35,40,45,45,45,50,50,50,55,50,50,45,45,35,35,35,30,30,30,30,30,30,30,35,35,35,40,40,40,45,45,45,45,50,50,50,55,55,55,60,60,20,0,20,20,20,20,20,25,25,25,30,30,30,30,30,35,35,35,40,40,25,25,25,30,25,30,30,35,35,35,35,35,35,40,40,40,40,40,45,45,45,40,40,40,45,45,45,45,40,40,35,35,35,35,35,35,30,30,30,30,35,35,35,35,40,40,40,45,45,20,20,20,25,25,25,30,30,30,35,35,40,40,40
G03,40,40,40,40,35,35,35,30,30,30,35,35,35,40,45,45,45,50,50,50,50,45,45,45,35,35,30,30,30,25,25,30,30,30,30,30,35,35,40,40,40,40,45,45,45,50,50,50,55,55,60,60,20,20,0,20,20,20,20,20,25,25,25,30,30,30,30,30,35,35,35,40,25,25,25,25,25,25,30,30,35,35,30,35,35,35,40,40,35,40,40,45,45,35,40,40,40,45,45,40,40,40,35,35,30,35,35,30,30,30,30,30,30,30,35,35,35,40,40,45,45,20,20,20,20,25,25,25,30,30,30,35,35,40,40
G03A,45,45,45,40,40,40,35,35,35,35,35,40,40,45,45,50,50,50,55,55,50,50,50,50,40,35,35,35,30,30,30,30,30,35,35,35,35,40,40,45,45,45,50,50,50,50,55,55,55,60,60,65,20,20,20,0,20,20,20,25,25,30,30,30,30,35,35,35,35,40,40,40,30,25,30,30,30,30,35,35,35,35,35,35,40,40,40,40,40,40,45,45,50,40,40,45,45,45,50,45,45,40,40,35,35,35,40,35,30,30,35,35,35,35,35,40,40,40,45,45,50,20,20,25,25,25,30,30,30,35,35,35,40,40,45
G04,40,40,40,35,35,35,30,30,30,30,30,35,35,40,40,45,45,45,50,50,45,45,45,45,35,30,30,30,25,25,25,25,30,30,30,30,30,35,35,40,40,40,45,45,45,45,50,50,50,55,55,60,20,20,20,20,0,20,20,20,20,25,25,25,30,30,30,30,30,35,35,35,25,20,25,25,25,25,30,30,30,30,30,30,35,35,35,35,35,35,40,40,45,35,35,40,40,40,45,40,40,35,35,30,30,30,35,30,30,30,30,30,30,30,30,35,35,35,40,40,45,20,20,20,20,20,25,25,25,30,30,30,35,35,40
G05,40,40,35,35,35,30,30,30,25,30,30,30,35,40,40,40,45,45,45,50,45,45,40,40,30,30,30,25,25,25,25,25,25,25,30,30,30,35,35,35,40,40,40,40,45,45,45,50,50,55,55,60,20,20,20,20,20,0,20,20,20,20,25,25,25,25,25,30,30,30,35,35,25,25,25,25,20,25,25,30,30,30,30,30,30,35,35,40,35,40,40,45,45,35,35,35,40,40,45,40,40,40,35,35,30,35,35,30,25,25,25,25,30,30,30,30,35,35,35,40,40,20,20,20,20,25,25,25,30,30,30,35,35,40,40
G06,35,35,35,35,30,30,30,25,25,25,30,30,30,35,40,40,40,45,45,45,45,40,40,40,30,30,25,25,25,20,20,25,25,25,25,25,30,30,35,35,35,35,40,40,40,45,45,45,50,50,55,55,25,20,20,20,20,20,0,20,20,20,20,25,25,25,25,25,30,30,30,35,25,25,25,25,20,20,25,25,30,30,25,30,30,30,35,35,35,35,40,40,45,30,35,35,35,40,45,45,40,40,35,35,35,35,30,25,25,25,25,25,25,25,30,30,30,35,35,40,40,20,20,20,25,25,30,30,30,30,35,35,35,35,40
G07,35,35,35,30,30,25,25,25,20,25,25,25,30,35,35,40,40,40,45,45,40,40,40,35,25,25,25,20,20,20,20,20,20,20,25,25,25,30,30,30,35,35,35,40,40,40,40,45,45,50,55,55,25,25,20,25,20,20,20,0,20,20,20,20,20,25,20,25,25,25,30,30,25,25,25,20,20,20,20,25,25,25,25,25,30,30,30,35,35,35,35,40,40,30,30,30,35,35,45,40,40,40,35,35,30,30,30,25,20,20,25,20,25,25,25,25,30,30,35,35,35,20,25,25,25,25,25,30,30,30,30,30,35,35,35
G08,35,30,30,30,30,25,25,20,20,20,25,25,30,30,35,35,40,40,40,40,40,40,35,35,25,25,20,20,20,20,20,20,20,20,20,25,25,25,30,30,30,35,35,35,40,40,40,45,45,50,50,55,25,25,25,25,20,20,20,20,0,20,20,20,20,20,20,20,25,25,25,30,25,25,20,20,20,20,20,20,25,25,25,25,25,30,30,30,30,35,35,40,40,25,30,30,30,35,45,40,40,35,35,30,30,30,25,20,20,20,20,20,20,25,25,25,25,30,30,35,35,20,25,25,25,25,25,25,30,30,30,30,30,35,35
G09,30,30,30,30,25,25,20,20,20,20,20,25,25,30,35,35,35,40,40,40,40,35,35,35,25,25,20,20,20,20,20,20,20,20,20,20,25,25,25,30,30,30,35,35,35,40,40,40,45,45,50,55,30,25,25,30,25,20,20,20,20,0,20,20,20,20,20,20,20,25,25,30,25,20,20,20,20,20,20,20,20,25,20,20,25,25,30,30,30,30,35,35,40,25,30,30,30,30,45,40,40,35,30,30,30,25,25,20,20,20,20,20,20,20,25,25,25,25,30,30,35,25,25,25,25,20,25,25,25,30,30,25,30,30,35
G10,30,30,30,30,25,25,20,20,20,20,20,25,25,30,30,35,35,40,40,40,40,35,35,35,25,20,20,20,20,20,0,20,20,20,20,20,20,25,25,30,30,30,30,35,35,35,40,40,40,45,50,50,30,30,25,30,25,25,20,20,20,20,20,20,20,20,20,20,20,25,25,30,25,25,20,20,20,20,20,20,20,20,20,20,25,25,25,30,30,30,35,35,35,25,25,25,30,30,40,40,35,35,30,30,30,25,25,20,20,20,20,20,20,20,25,25,25,25,30,30,35,25,30,25,25,25,25,25,30,30,30,25,30,30,30
G11,35,30,30,30,30,25,25,20,20,20,25,25,25,30,35,35,35,40,40,40,40,40,35,35,25,25,20,20,20,20,20,20,20,20,20,20,20,25,25,30,30,30,35,35,35,40,40,40,40,45,50,55,30,30,30,30,25,25,25,20,20,20,20,0,20,20,20,20,25,25,25,30,25,25,25,20,20,20,20,20,20,20,20,20,25,25,25,30,25,30,30,35,35,25,25,30,30,30,40,35,35,30,30,30,25,25,25,20,20,20,20,20,20,25,25,25,25,30,30,35,35,25,30,30,25,25,25,30,30,30,25,25,25,30,30
G12,35,35,30,30,30,25,25,25,20,20,20,25,25,30,30,35,35,35,40,40,40,35,35,35,25,25,25,20,20,20,20,20,20,20,20,20,20,25,25,25,30,30,30,35,35,35,35,40,40,45,50,50,30,30,30,30,30,25,25,20,20,20,20,20,0,20,20,20,20,25,25,25,25,25,25,20,20,20,20,20,20,20,20,20,25,25,25,30,25,25,30,35,35,25,25,25,30,30,40,35,35,30,30,25,25,25,20,20,20,20,20,20,20,20,25,25,25,30,30,30,35,30,30,30,30,25,30,30,30,25,25,25,25,30,30
G13,35,35,35,30,30,30,25,25,25,20,20,20,25,30,30,35,35,35,40,40,40,40,35,35,30,25,25,25,20,20,20,20,20,20,20,20,20,20,25,25,25,30,30,30,35,35,35,40,40,45,45,50,35,30,30,35,30,25,25,25,20,20,20,20,20,0,20,20,20,20,25,25,30,25,25,25,20,20,20,20,20,20,20,20,20,25,25,25,25,30,30,35,35,20,25,25,25,30,40,35,35,30,30,30,25,25,25,20,20,20,20,20,20,25,25,25,25,30,30,35,35,30,30,30,30,25,30,30,30,30,25,25,25,30,30
G14,30,30,30,30,25,25,20,20,20,20,20,0,20,20,25,25,25,30,30,30,35,35,30,30,25,25,20,20,20,20,25,20,20,20,20,20,25,25,25,30,30,30,35,35,35,40,40,40,45,45,50,55,40,35,35,40,35,30,30,25,25,25,25,25,25,20,20,20,20,20,20,20,35,30,30,25,25,20,20,20,20,20,20,20,25,25,30,30,35,35,35,40,40,25,30,30,30,30,45,45,40,40,35,35,35,30,30,25,25,20,20,20,20,20,20,20,25,25,25,30,30,35,35,35,35,30,35,35,35,35,35,30,35,35,35
G15,30,30,30,30,25,25,25,20,20,20,20,20,20,25,25,30,30,30,35,35,35,35,30,30,25,25,20,20,20,20,20,20,20,20,20,20,20,20,25,25,25,30,30,30,35,35,35,40,40,45,45,50,35,35,30,35,30,30,25,25,20,20,20,20,20,20,20,0,20,20,20,20,30,30,25,25,20,20,20,20,20,20,20,20,20,25,25,25,30,30,35,35,40,20,25,25,25,30,45,40,40,35,35,30,30,30,25,20,20,20,20,20,20,20,20,20,25,25,25,30,30,30,35,30,30,30,30,30,35,30,30,30,30,30,35
G16,30,30,30,25,25,20,20,20,20,20,0,20,20,20,25,25,30,30,30,35,35,30,30,30,20,20,20,20,20,20,20,20,20,20,20,20,20,25,25,30,30,30,30,35,35,35,40,40,40,45,50,50,35,35,35,35,30,30,30,25,25,20,20,25,20,20,20,20,20,20,20,20,30,30,30,25,20,20,20,20,20,20,20,20,25,25,25,30,30,35,35,40,40,25,25,25,30,30,45,40,40,40,35,35,30,30,30,25,20,20,20,20,20,20,20,20,20,25,25,30,30,30,35,35,30,30,30,35,35,35,30,30,30,35,35
G17,30,30,30,30,25,25,20,20,20,20,20,20,20,25,25,30,30,30,35,35,35,35,30,30,25,25,20,20,20,20,25,20,20,20,20,20,25,25,25,30,30,30,35,35,35,40,40,40,45,45,50,55,40,35,35,40,35,30,30,25,25,25,25,25,25,20,20,20,20,0,20,20,35,30,30,25,25,20,20,20,20,20,20,20,25,25,30,30,35,35,35,40,40,25,30,30,30,30,45,45,40,40,35,35,35,30,30,25,25,20,20,20,20,20,20,20,25,25,25,30,30,35,35,35,35,30,35,35,35,35,35,30,35,35,35
G18,35,35,30,30,30,25,25,25,20,20,20,20,20,25,30,30,30,35,35,35,35,35,35,35,25,25,25,20,25,25,25,25,25,20,20,25,25,30,30,30,35,35,35,35,40,40,40,45,45,50,50,55,40,40,35,40,35,35,30,30,25,25,25,25,25,25,20,20,20,20,0,20,35,35,30,30,25,25,20,20,20,20,25,25,25,30,30,35,35,35,40,40,45,30,30,30,35,35,50,45,45,40,40,35,35,35,30,25,25,25,25,20,20,20,20,25,25,25,30,30,35,35,40,35,35,35,35,35,40,35,35,35,35,35,40
G19,35,35,30,30,30,25,25,25,20,20,20,20,0,20,20,25,25,25,30,30,30,35,35,35,25,25,25,20,25,25,25,25,25,20,25,25,25,30,30,30,35,35,35,40,40,40,40,45,45,50,50,55,40,40,35,40,35,35,30,30,30,25,25,25,25,25,20,20,20,20,20,25,35,35,30,30,25,25,20,20,20,25,25,25,25,30,30,35,35,35,40,40,45,30,30,30,35,35,50,45,45,40,40,35,35,35,35,30,25,25,25,20,20,20,25,25,25,25,30,30,35,35,40,35,35,35,35,40,40,40,35,35,35,35,40
O01,40,40,40,35,35,35,30,30,30,30,30,35,35,40,40,45,45,45,50,50,45,45,45,45,35,30,30,30,25,25,25,25,25,30,30,30,30,35,35,40,40,40,45,45,45,45,50,50,50,55,55,60,30,25,25,30,25,25,25,25,25,25,25,25,25,30,30,30,30,35,35,35,0,20,20,20,25,25,30,30,30,30,30,30,35,35,35,30,30,30,35,35,40,35,35,40,40,40,40,35,35,30,25,25,25,25,30,30,25,25,30,30,30,30,30,35,35,35,40,40,45,25,20,20,20,20,20,20,20,25,25,25,30,30,35
O02,40,40,35,35,35,30,30,30,25,30,30,30,35,40,40,45,45,45,50,50,45,45,45,40,30,30,30,25,25,25,25,25,25,25,30,30,30,35,35,35,40,40,40,45,45,45,45,50,50,55,55,60,25,25,25,25,20,25,25,25,25,20,25,25,25,25,25,30,30,30,35,35,20,0,20,20,20,25,25,30,30,30,30,30,30,35,35,30,30,30,30,35,35,35,35,35,40,40,35,35,30,30,25,25,25,25,25,30,25,25,25,25,30,30,30,30,35,35,35,40,40,20,20,20,20,20,20,20,20,20,25,25,30,30,30
O03,35,35,35,35,30,30,30,25,25,25,30,30,30,35,40,40,40,45,45,45,45,40,40,40,30,30,25,25,25,25,20,25,25,25,25,25,30,30,35,35,35,35,40,40,40,45,45,45,50,50,55,55,30,25,25,30,25,25,25,25,20,20,20,25,25,25,25,25,30,30,30,35,20,20,0,20,20,25,25,25,30,30,25,30,30,30,35,30,30,30,35,35,40,30,35,35,35,40,40,35,35,30,30,25,25,25,30,25,25,25,25,25,25,30,30,30,30,35,35,40,40,25,20,20,20,20,20,20,20,25,25,25,30,30,35
O04,35,35,35,30,30,25,25,25,25,25,25,25,30,35,35,40,40,40,45,45,40,40,40,35,25,25,25,25,20,20,20,20,20,25,25,25,25,30,30,35,35,35,35,40,40,40,45,45,45,50,55,55,30,30,25,30,25,25,25,20,20,20,20,20,20,25,25,25,25,25,30,30,20,20,20,0,20,20,20,25,25,25,25,25,30,30,30,35,30,35,35,40,40,30,30,35,35,35,40,35,35,35,30,30,25,30,30,25,20,20,25,20,25,25,25,30,30,30,35,35,35,25,25,20,20,20,20,20,25,25,25,30,30,35,35
O05,30,30,30,30,25,25,20,20,20,20,20,25,25,30,35,35,35,40,40,40,40,35,35,35,25,25,20,20,20,20,20,20,20,20,20,20,25,25,25,30,30,30,35,35,35,40,40,40,45,45,50,55,30,25,25,30,25,20,20,20,20,0,20,20,20,20,20,20,20,25,25,30,25,20,20,20,20,20,20,20,20,25,20,20,25,25,30,30,30,30,35,35,40,25,30,30,30,30,45,40,40,35,30,30,30,25,25,20,20,20,20,20,20,20,25,25,25,25,30,30,35,25,25,25,25,20,25,25,25,30,30,25,30,30,35
O06,30,30,25,25,25,20,20,20,20,20,20,20,25,30,30,30,35,35,35,40,35,35,30,30,20,20,20,20,20,0,20,20,20,20,20,20,25,25,30,30,30,30,35,35,35,40,40,40,45,45,50,55,30,30,25,30,25,25,20,20,20,20,20,20,20,20,20,20,20,20,25,25,25,25,25,20,20,20,20,20,20,20,20,25,25,25,30,30,30,35,35,40,40,25,30,30,30,35,45,40,40,35,35,30,30,30,25,20,20,20,20,20,20,20,20,20,25,25,25,30,30,25,30,30,25,25,25,30,30,30,30,30,30,35,35
O07,30,30,30,25,25,20,20,20,20,20,20,20,20,25,30,30,30,35,35,35,35,30,30,30,20,20,20,20,20,20,20,20,20,20,20,20,20,25,25,30,30,30,30,35,35,35,40,40,40,45,50,50,35,30,30,35,30,25,25,20,20,20,20,20,20,20,20,20,20,20,20,25,30,25,25,20,20,20,0,20,20,20,20,20,25,25,25,30,30,30,35,35,40,25,25,25,30,30,45,40,40,35,35,30,30,30,25,20,20,20,20,20,20,20,20,20,20,25,25,25,30,30,30,30,30,25,30,30,30,30,30,30,30,35,35
O08,30,30,30,30,25,25,25,20,20,20,20,20,20,25,25,30,30,30,35,35,35,35,30,30,25,25,20,20,20,20,20,20,20,20,20,20,20,20,25,25,25,30,30,30,35,35,35,40,40,45,45,50,35,35,30,35,30,30,25,25,20,20,20,20,20,20,20,0,20,20,20,20,30,30,25,25,20,20,20,20,20,20,20,20,20,25,25,25,30,30,35,35,40,20,25,25,25,30,45,40,40,35,35,30,30,30,25,20,20,20,20,20,20,20,20,20,25,25,25,30,30,30,35,30,30,30,30,30,35,30,30,30,30,30,35
O09,35,30,30,30,30,25,25,20,20,20,20,20,20,25,30,30,30,35,35,35,35,35,35,30,25,25,20,20,20,20,20,20,20,20,20,20,20,20,25,25,25,25,30,30,30,35,35,35,40,40,45,50,35,35,35,35,30,30,30,25,25,20,20,20,20,20,20,20,20,20,20,25,30,30,30,25,20,20,20,20,0,20,20,20,20,20,25,25,30,30,35,35,40,20,25,25,25,30,45,40,40,40,35,35,30,30,30,25,20,20,20,20,20,20,20,25,25,25,30,30,30,30,35,35,30,30,30,35,35,35,30,30,30,30,30
O10,35,35,35,30,30,25,25,25,20,20,20,20,25,25,30,30,35,35,35,40,40,35,35,35,25,25,25,20,20,20,20,20,20,20,20,20,20,20,20,25,25,25,30,30,30,30,35,35,35,40,45,45,35,35,35,35,30,30,30,25,25,25,20,20,20,20,20,20,20,20,20,25,30,30,30,25,25,20,20,20,20,0,20,20,20,20,20,25,25,30,30,35,35,20,20,25,25,25,45,40,40,35,35,30,30,30,30,25,20,20,20,20,20,20,25,25,25,30,30,30,35,30,35,35,30,30,35,35,35,35,30,30,25,30,30
O11,35,35,35,30,30,30,25,25,25,20,20,20,25,30,30,30,35,35,35,40,40,40,35,35,30,25,25,25,25,20,20,20,20,20,20,0,20,20,20,20,25,25,25,30,30,30,30,35,35,40,45,45,35,35,30,35,30,30,25,25,25,20,20,20,20,20,20,20,20,20,25,25,30,30,25,25,20,20,20,20,20,20,20,20,20,20,20,25,25,25,30,30,35,20,20,20,25,25,45,40,40,35,35,30,30,30,25,20,20,20,20,20,20,25,25,25,25,30,30,35,35,30,35,30,30,30,30,30,35,30,30,30,25,30,30
O12,35,35,35,35,30,30,25,25,25,25,20,20,25,30,30,35,35,35,40,40,40,40,35,35,30,30,25,25,25,25,20,20,20,20,20,20,20,20,20,25,25,25,30,30,30,30,35,35,35,40,45,45,35,35,35,35,30,30,30,25,25,20,20,20,20,20,20,20,20,20,25,25,30,30,30,25,20,25,20,20,20,20,20,0,20,20,20,20,25,25,30,30,35,20,20,20,20,25,45,40,40,35,35,30,30,25,30,25,20,20,20,20,25,25,25,25,30,30,30,35,35,30,35,35,30,30,35,35,35,30,30,25,25,25,30
O13,40,40,35,35,35,30,30,30,25,25,25,25,25,30,35,35,35,40,40,40,40,40,40,40,30,30,30,25,25,25,25,20,20,20,20,20,20,20,25,25,25,30,30,30,35,35,35,40,40,45,45,50,40,35,35,40,35,30,30,30,25,25,25,25,25,20,20,20,25,25,25,30,35,30,30,30,25,25,25,20,20,20,20,20,0,20,20,20,20,25,25,30,30,20,20,25,25,25,40,35,35,35,30,30,25,25,25,25,25,20,20,25,25,25,25,30,30,30,35,35,40,35,35,35,35,30,35,30,30,30,25,25,20,25,25
O14,40,40,40,35,35,35,30,30,30,25,25,25,30,35,35,35,40,40,40,45,45,45,40,40,35,30,30,30,30,25,25,25,20,20,20,20,20,25,25,25,30,30,30,35,35,35,35,40,40,45,50,50,40,40,35,40,35,35,30,30,30,25,25,25,25,25,20,25,25,25,30,30,35,35,30,30,25,25,25,25,20,20,20,20,20,0,20,20,20,20,25,25,30,20,25,25,25,30,40,35,35,30,30,25,25,25,25,25,25,20,25,25,25,30,30,30,30,35,35,40,40,35,40,35,35,35,30,30,30,25,25,25,20,25,25
O15,40,40,40,40,35,35,35,30,30,30,25,30,30,35,35,40,40,40,45,45,45,45,40,40,35,35,30,30,30,30,25,25,25,20,20,20,20,25,25,30,30,30,35,35,35,35,40,40,40,45,50,50,40,40,40,40,35,35,35,30,30,30,25,25,25,25,20,25,25,30,30,30,35,35,35,30,30,30,25,25,25,20,20,20,20,20,0,20,20,20,25,25,30,25,25,25,30,30,40,35,30,30,25,25,25,20,25,30,25,25,25,25,30,30,30,30,35,35,35,40,40,35,35,35,35,35,30,30,30,25,25,20,20,20,25
O16,45,45,45,40,40,35,35,35,30,30,30,30,35,35,40,40,45,45,45,50,50,45,45,45,35,35,35,30,30,30,30,25,25,25,25,25,25,30,30,30,35,35,35,35,40,40,40,45,45,50,50,55,40,40,40,40,35,40,35,35,30,30,30,30,30,25,25,25,30,30,35,35,30,30,30,35,30,30,30,25,25,25,25,20,20,20,20,0,20,20,20,25,25,25,30,30,30,30,35,30,30,25,25,20,20,20,20,25,30,25,25,30,30,30,35,35,35,40,40,40,45,35,35,35,30,30,25,25,25,25,20,20,20,20,20
O17,45,45,45,40,40,40,35,35,35,30,30,35,35,40,40,45,45,45,50,50,50,50,45,45,40,35,35,35,30,30,30,30,30,25,25,25,25,30,30,35,35,35,40,40,40,40,45,45,45,50,55,55,40,40,35,40,35,35,35,35,30,30,30,25,25,25,25,30,30,35,35,35,30,30,30,30,30,30,30,30,30,25,25,25,20,20,20,20,0,20,20,20,25,30,30,30,35,35,35,30,25,25,20,20,20,20,20,25,25,30,30,30,30,35,35,35,40,40,40,45,45,35,30,30,30,30,25,25,25,20,20,20,20,20,20
O18,45,45,45,45,40,40,40,35,35,35,35,35,35,40,45,45,45,50,50,50,50,50,50,45,40,40,35,35,35,35,30,30,30,30,30,25,30,30,35,35,35,40,40,40,40,45,45,45,50,55,55,60,40,40,40,40,35,40,35,35,35,30,30,30,25,30,30,30,35,35,35,40,30,30,30,35,30,35,30,30,30,30,25,25,25,20,20,20,20,0,20,20,20,30,30,35,35,35,35,30,30,25,25,20,20,20,20,25,25,30,30,30,35,35,35,40,40,40,45,45,45,35,35,35,30,30,25,25,25,20,20,20,20,20,20
O19,50,50,50,45,45,40,40,40,40,35,35,35,40,45,45,50,50,50,55,55,55,55,50,50,40,40,40,40,35,35,35,35,30,30,30,30,30,35,35,40,40,40,45,45,45,45,50,50,50,55,55,60,45,45,40,45,40,40,40,35,35,35,35,30,30,30,30,35,35,35,40,40,35,30,35,35,35,35,35,35,35,30,30,30,25,25,25,20,20,20,0,20,20,30,35,35,35,40,35,35,30,30,25,25,25,20,25,30,30,30,35,35,35,40,40,40,40,45,45,50,50,40,35,35,35,30,30,30,25,25,25,20,20,20,25
O20,55,50,50,50,45,45,45,40,40,40,40,40,40,45,50,50,50,55,55,55,55,55,55,55,45,45,40,40,40,40,35,35,35,35,35,30,35,35,40,40,40,45,45,45,50,50,50,55,55,55,60,60,45,45,45,45,40,45,40,40,40,35,35,35,35,35,35,35,40,40,40,45,35,35,35,40,35,40,35,35,35,35,30,30,30,25,25,25,20,20,20,0,20,35,35,40,40,40,40,35,35,30,30,25,25,25,25,30,35,35,35,35,40,40,40,45,45,45,50,50,55,40,40,40,35,35,30,30,30,25,25,25,20,25,25
O21,55,55,55,50,50,45,45,45,45,40,40,40,45,50,50,55,55,55,55,60,55,55,55,55,45,45,45,45,40,40,35,40,35,35,35,35,35,40,40,45,45,45,45,50,50,50,55,55,55,60,60,65,50,45,45,50,45,45,45,40,40,40,35,35,35,35,35,40,40,40,45,45,40,35,40,40,40,40,40,40,40,35,35,35,30,30,30,25,25,20,20,20,0,35,40,40,40,45,40,40,35,35,30,30,30,25,30,35,35,35,40,40,40,45,45,45,45,50,50,55,55,45,40,40,40,35,35,35,30,30,30,25,25,25,25
O50,40,40,40,35,35,30,30,30,25,25,25,25,30,30,35,35,40,40,40,45,45,40,40,40,30,30,30,25,25,25,25,20,20,20,20,20,20,25,25,25,30,30,30,30,35,35,35,40,40,45,45,50,40,40,35,40,35,35,30,30,25,25,25,25,25,20,20,20,25,25,30,30,35,35,30,30,25,25,25,20,20,20,20,20,20,20,25,25,30,30,30,35,35,0,20,20,20,20,45,45,40,40,35,35,30,30,30,25,25,20,20,25,25,25,30,30,30,35,35,35,40,35,35,35,35,35,35,35,35,35,30,30,30,30,30
O51,40,40,40,40,35,35,35,30,30,30,25,30,30,35,35,40,40,40,45,45,45,45,40,40,35,35,30,30,30,30,25,25,25,20,20,20,20,25,25,30,30,30,35,35,35,35,40,40,40,45,50,50,40,40,40,40,35,35,35,30,30,30,25,25,25,25,20,25,25,30,30,30,35,35,35,30,30,30,25,25,25,20,20,20,20,25,25,30,30,30,35,35,40,20,0,20,20,20,50,45,45,40,40,35,35,30,35,30,25,25,25,25,30,30,30,30,35,35,35,40,40,35,40,40,35,35,40,40,40,35,35,30,30,30,35
O52,45,40,40,40,40,35,35,30,30,30,25,30,30,35,40,40,40,45,45,45,45,45,45,40,35,35,30,30,30,30,25,25,25,25,25,20,25,25,30,30,30,30,35,35,35,40,40,40,45,45,50,55,45,40,40,45,40,35,35,30,30,30,25,30,25,25,25,25,25,30,30,35,40,35,35,35,30,30,25,25,25,25,20,20,25,25,25,30,30,35,35,40,40,20,20,0,20,20,50,45,45,40,40,35,35,35,35,30,25,25,25,25,30,30,30,35,35,35,40,40,40,40,40,40,40,35,40,40,40,35,35,35,30,35,35
O53,45,45,45,40,40,35,35,35,30,30,30,30,35,35,40,40,45,45,45,50,50,45,45,45,35,35,35,30,30,30,30,25,25,25,25,25,25,30,30,30,35,35,35,35,40,40,40,45,45,50,50,55,45,45,40,45,40,40,35,35,30,30,30,30,30,25,25,25,30,30,35,35,40,40,35,35,30,30,30,25,25,25,25,20,25,25,30,30,35,35,35,40,40,20,20,20,0,20,50,50,45,45,40,40,35,35,35,30,30,25,25,30,30,30,35,35,35,40,40,40,45,40,40,40,40,40,40,40,40,40,35,35,35,35,35
O54,45,45,45,45,40,40,35,35,35,35,30,30,35,40,40,45,45,45,50,50,50,50,45,45,40,40,35,35,35,35,30,30,30,25,25,25,25,30,30,35,35,35,40,40,40,40,45,45,45,50,55,55,45,45,45,45,40,40,40,35,35,30,30,30,30,30,25,30,30,30,35,35,40,40,40,35,30,35,30,30,30,25,25,25,25,30,30,30,35,35,40,40,45,20,20,20,20,0,55,50,50,45,45,40,40,35,40,35,30,30,30,30,35,35,35,35,40,40,40,45,45,40,45,45,40,40,45,45,45,40,40,35,35,35,40
BL01,55,55,55,55,55,50,50,45,45,45,45,45,50,55,55,55,60,60,60,60,60,60,60,55,50,50,50,45,45,45,40,40,40,40,45,45,45,50,50,50,55,55,55,55,55,60,60,60,60,65,65,65,50,45,45,50,45,45,45,45,45,45,40,40,40,40,40,45,45,45,50,50,40,35,40,40,45,45,45,45,45,45,45,45,40,40,40,35,35,35,35,40,40,45,50,50,50,55,0,20,20,20,25,25,30,30,30,35,40,40,40,45,45,45,50,50,50,50,55,55,55,45,40,40,40,35,35,35,30,30,30,30,35,35,35
BL02,55,55,55,50,50,45,45,45,45,40,40,45,45,50,55,55,55,55,60,60,60,55,55,55,50,45,45,45,40,40,40,40,35,40,40,40,40,45,45,50,50,50,55,55,55,55,55,60,60,60,65,65,45,45,40,45,40,40,45,40,40,40,40,35,35,35,40,40,40,45,45,50,35,35,35,35,40,40,40,40,40,40,40,40,35,35,35,30,30,30,35,35,40,45,45,45,50,50,20,0,20,20,20,25,25,25,30,35,35,35,40,40,40,45,45,45,50,50,50,55,55,40,40,35,35,35,30,30,30,25,25,25,30,30,35
BL03,55,50,50,50,50,45,45,40,40,40,40,40,45,50,50,55,55,55,55,60,55,55,55,55,45,45,45,40,40,40,35,35,35,35,40,40,40,45,45,45,50,50,50,50,55,55,55,55,60,60,65,65,45,40,40,45,40,40,40,40,40,40,35,35,35,35,35,40,40,40,45,45,35,30,35,35,40,40,40,40,40,40,40,40,35,35,30,30,25,30,30,35,35,40,45,45,45,50,20,20,0,20,20,20,25,25,25,30,35,35,35,40,40,40,45,45,45,45,50,50,55,40,35,35,35,30,30,30,25,25,25,25,25,30,30
BL04,50,50,50,45,45,45,40,40,40,40,40,40,40,45,50,50,50,55,55,55,55,55,50,50,45,40,40,40,35,35,35,35,35,35,35,35,40,40,40,45,45,45,50,50,50,55,55,55,55,60,60,65,40,40,40,40,35,40,40,40,35,35,35,30,30,30,35,35,40,40,40,45,30,30,30,35,35,35,35,35,40,35,35,35,35,30,30,25,25,25,30,30,35,40,40,40,45,45,20,20,20,0,20,20,20,20,25,30,30,35,35,35,40,40,40,40,45,45,45,50,50,35,35,30,30,30,25,25,25,20,20,20,25,25,30
BL05,50,45,45,45,45,40,40,35,35,35,35,35,40,45,45,50,50,50,55,55,55,50,50,50,40,40,40,35,35,35,30,30,30,30,35,35,35,40,40,40,45,45,45,45,50,50,50,55,55,55,60,60,40,35,35,40,35,35,35,35,35,30,30,30,30,30,30,35,35,35,40,40,25,25,30,30,30,35,35,35,35,35,35,35,30,30,25,25,20,25,25,30,30,35,40,40,40,45,25,20,20,20,0,20,20,20,20,25,30,30,30,35,35,35,35,40,40,40,45,45,50,35,30,30,30,25,25,20,20,20,20,20,20,25,25
BL06,45,45,45,40,40,40,35,35,35,35,35,35,35,40,45,45,45,50,50,50,50,50,45,45,40,35,35,35,30,30,30,30,30,30,30,30,35,35,35,40,40,40,45,45,45,50,50,50,55,55,60,60,35,35,35,35,30,35,35,35,30,30,30,30,25,30,30,30,35,35,35,40,25,25,25,30,30,30,30,30,35,30,30,30,30,25,25,20,20,20,25,25,30,35,35,35,40,40,25,25,20,20,20,0,20,20,20,25,25,30,30,30,35,35,35,35,40,40,40,45,45,30,30,25,25,25,20,20,20,20,20,20,20,20,25
BL07,45,45,45,40,40,35,35,35,35,30,30,35,35,40,45,45,45,50,50,50,50,50,45,45,35,35,35,35,30,30,30,30,25,30,30,30,30,35,35,40,40,40,45,45,45,45,50,50,50,55,55,60,35,35,30,35,30,30,35,30,30,30,30,25,25,25,30,30,30,35,35,40,25,25,25,25,30,30,30,30,30,30,30,30,25,25,25,20,20,20,25,25,30,30,35,35,35,40,30,25,25,20,20,20,0,20,20,25,25,25,30,30,30,35,35,35,35,40,40,45,45,30,30,25,25,25,20,20,20,20,20,20,20,20,25
BL08,45,40,40,40,40,35,35,30,30,30,30,30,35,40,40,45,45,45,50,50,45,45,45,45,35,35,30,30,30,30,25,25,25,25,25,30,30,30,35,35,35,40,40,40,45,45,45,50,50,55,55,60,35,35,35,35,30,35,35,30,30,25,25,25,25,25,25,30,30,30,35,35,25,25,25,30,25,30,30,30,30,30,30,25,25,25,20,20,20,20,20,25,25,30,30,35,35,35,30,25,25,20,20,20,20,0,20,20,25,25,25,30,30,30,30,35,35,35,40,40,45,30,30,30,25,25,20,20,20,20,20,20,20,20,20
BL09,40,40,40,40,35,35,30,30,30,30,30,30,35,35,40,40,45,45,45,50,45,45,45,40,35,30,30,30,30,25,25,25,25,25,25,25,30,30,35,35,35,35,40,40,40,45,45,45,50,50,55,55,40,35,35,40,35,35,30,30,25,25,25,25,20,25,25,25,30,30,30,35,30,25,30,30,25,25,25,25,30,30,25,30,25,25,25,20,20,20,25,25,30,30,35,35,35,40,30,30,25,25,20,20,20,20,0,20,20,25,25,25,30,30,30,30,35,35,35,40,40,35,30,30,30,25,25,25,20,20,20,20,20,20,20
BL10,35,35,35,30,30,30,25,25,25,25,25,25,30,30,35,35,40,40,40,45,40,40,35,35,30,25,25,25,25,20,20,20,20,20,20,20,25,25,30,30,30,30,35,35,35,40,40,40,45,45,50,55,35,35,30,35,30,30,25,25,20,20,20,20,20,20,20,20,25,25,25,30,30,30,25,25,20,20,20,20,25,25,20,25,25,25,30,25,25,25,30,30,35,25,30,30,30,35,35,35,30,30,25,25,25,20,20,0,20,20,20,20,25,25,25,25,30,30,30,35,35,30,30,30,30,30,30,30,25,25,25,20,25,25,25
BL11,35,35,30,30,30,25,25,25,20,20,20,25,25,30,30,35,35,35,40,40,40,35,35,35,25,25,25,20,20,20,20,20,20,20,20,20,20,25,25,25,30,30,30,35,35,35,35,40,40,45,50,50,30,30,30,30,30,25,25,20,20,20,20,20,0,20,20,20,20,25,25,25,25,25,25,20,20,20,20,20,20,20,20,20,25,25,25,30,25,25,30,35,35,25,25,25,30,30,40,35,35,30,30,25,25,25,20,20,20,20,20,20,20,20,25,25,25,30,30,30,35,30,30,30,30,25,30,30,30,25,25,25,25,30,30
BL12,35,30,30,30,25,25,25,20,20,20,20,20,25,25,30,30,35,35,35,40,35,35,35,30,25,25,20,20,20,20,20,20,0,20,20,20,20,20,25,25,25,25,30,30,30,35,35,35,40,40,45,50,30,30,30,30,30,25,25,20,20,20,20,20,20,20,20,20,20,20,25,25,25,25,25,20,20,20,20,20,20,20,20,20,20,20,25,25,30,30,30,35,35,20,25,25,25,30,40,35,35,35,30,30,25,25,25,20,20,20,20,20,20,20,20,20,25,25,25,30,30,30,30,30,30,25,30,30,30,30,25,25,30,30,30
BL13,30,30,30,30,25,25,20,20,20,20,20,20,25,30,30,30,35,35,35,40,35,35,30,30,25,20,20,20,20,20,20,20,20,20,20,20,20,20,25,25,30,30,30,30,35,35,35,40,40,45,45,50,35,30,30,35,30,25,25,25,20,20,20,20,20,20,20,20,20,20,25,25,30,25,25,25,20,20,20,20,20,20,20,20,20,25,25,25,30,30,35,35,40,20,25,25,25,30,40,40,35,35,30,30,30,25,25,20,20,20,0,20,20,20,20,20,25,25,25,30,30,30,30,30,30,25,30,30,30,30,30,25,30,30,35
BL14,30,30,30,25,25,20,20,20,20,20,20,20,20,25,30,30,30,35,35,35,35,30,30,30,20,20,20,20,20,20,20,20,20,20,20,20,20,25,25,30,30,30,30,35,35,35,40,40,40,45,50,50,35,30,30,35,30,25,25,20,20,20,20,20,20,20,20,20,20,20,20,25,30,25,25,20,20,20,0,20,20,20,20,20,25,25,25,30,30,30,35,35,40,25,25,25,30,30,45,40,40,35,35,30,30,30,25,20,20,20,20,20,20,20,20,20,20,25,25,25,30,30,30,30,30,25,30,30,30,30,30,30,30,35,35
BL15,30,25,25,25,25,20,20,20,20,0,20,20,20,25,25,30,30,30,35,35,30,30,30,25,20,20,20,20,20,20,20,20,20,20,20,20,25,25,30,30,30,30,35,35,35,40,40,40,45,45,50,55,35,35,30,35,30,30,25,25,20,20,20,20,20,20,20,20,20,20,20,20,30,30,25,25,20,20,20,20,20,20,20,25,25,25,30,30,30,35,35,40,40,25,30,30,30,35,45,40,40,40,35,35,30,30,30,25,20,20,20,20,20,20,20,20,20,20,25,25,25,30,30,30,30,30,30,30,35,35,30,30,30,35,35
BL16,30,30,25,25,25,20,20,20,20,20,20,20,20,25,30,30,30,35,35,35,30,30,25,25,20,20,20,20,20,20,20,20,20,20,20,25,25,25,30,30,30,35,35,35,40,40,40,45,45,50,50,55,35,35,30,35,30,30,25,25,25,20,20,25,20,25,20,20,20,20,20,25,30,30,30,25,20,20,20,20,20,20,25,25,25,30,30,30,35,35,40,40,45,25,30,30,30,35,45,45,40,40,35,35,35,30,30,25,20,20,20,20,20,0,20,20,20,20,20,25,25,30,35,35,30,30,30,35,35,35,35,30,35,35,40
BL17,30,30,30,25,25,20,20,20,20,20,20,20,25,25,30,30,35,35,35,30,30,30,25,25,25,20,20,20,20,20,25,20,20,20,25,25,25,30,30,30,35,35,35,40,40,40,40,45,45,50,50,55,35,35,35,35,30,30,30,25,25,25,25,25,25,25,20,20,20,20,20,25,30,30,30,25,25,20,20,20,20,25,25,25,25,30,30,35,35,35,40,40,45,30,30,30,35,35,50,45,45,40,35,35,35,30,30,25,25,20,20,20,20,20,0,20,20,20,20,25,25,30,35,35,30,30,35,35,35,35,35,30,35,35,40
BL18,30,30,30,30,25,25,25,20,20,20,20,20,25,30,30,35,35,35,30,30,30,25,25,25,25,25,20,20,20,20,25,25,20,25,25,25,25,30,30,35,35,35,40,40,40,40,45,45,45,50,55,55,40,35,35,40,35,30,30,25,25,25,25,25,25,25,25,20,20,20,25,25,35,30,30,30,25,20,20,20,25,25,25,25,30,30,30,35,35,40,40,45,45,30,30,35,35,35,50,45,45,40,40,35,35,35,30,25,25,20,20,20,20,20,20,0,20,20,20,20,25,35,35,35,35,30,35,35,35,35,35,35,35,40,40
BL19,35,30,30,30,30,25,25,20,20,20,20,25,25,30,30,35,35,30,30,30,25,25,25,20,25,25,25,20,20,25,25,25,25,25,25,25,30,30,35,35,35,35,40,40,40,45,45,45,50,50,55,55,40,40,35,40,35,35,30,30,25,25,25,25,25,25,25,25,20,25,25,25,35,35,30,30,25,25,20,25,25,25,25,30,30,30,35,35,40,40,40,45,45,30,35,35,35,40,50,50,45,45,40,40,35,35,35,30,25,25,25,20,20,20,20,20,0,20,20,20,20,35,40,35,35,35,35,35,40,40,35,35,40,40,40
BL20,35,35,35,30,30,25,25,25,20,20,25,25,25,30,35,35,35,30,30,30,25,25,20,20,25,25,25,20,25,25,25,25,25,25,25,30,30,35,35,35,40,40,40,40,45,45,45,50,50,55,55,60,40,40,40,40,35,35,35,30,30,25,25,30,30,30,25,25,25,25,25,30,35,35,35,30,25,25,25,25,25,30,30,30,30,35,35,40,40,40,45,45,50,35,35,35,40,40,50,50,45,45,40,40,40,35,35,30,30,25,25,25,20,20,20,20,20,0,20,20,20,35,40,40,35,35,40,40,40,40,40,35,40,40,45
BL21,35,35,35,35,30,30,30,25,25,25,25,25,30,35,35,30,30,30,25,25,25,20,20,20,30,30,25,25,25,25,30,30,25,30,30,30,30,35,35,40,40,40,45,45,45,45,50,50,50,55,55,60,45,40,40,45,40,35,35,35,30,30,30,30,30,30,30,25,25,25,30,30,40,35,35,35,30,25,25,25,30,30,30,30,35,35,35,40,40,45,45,50,50,35,35,40,40,40,55,50,50,45,45,40,40,40,35,30,30,25,25,25,25,20,20,20,20,20,0,20,20,40,40,40,40,35,40,40,40,40,40,40,40,45,45
BL22,40,40,40,40,35,35,35,30,30,30,30,30,35,30,30,25,25,25,20,20,20,20,0,20,35,35,30,30,30,30,35,35,35,35,35,35,40,40,40,45,45,45,50,50,50,55,55,55,55,60,60,65,50,45,45,50,45,40,40,40,35,35,35,35,35,35,35,30,30,30,35,35,45,45,40,40,35,30,30,30,35,35,35,35,40,40,40,45,45,50,50,55,55,40,40,45,45,45,60,55,55,50,50,45,45,45,45,35,35,35,30,30,30,25,25,25,25,20,20,20,20,45,45,45,45,45,45,45,45,50,45,45,45,50,50
BL23,40,40,40,35,35,35,30,30,30,25,30,30,35,30,30,25,25,25,25,20,20,20,20,0,35,30,30,30,30,30,35,35,30,35,35,35,35,40,40,45,45,45,45,50,50,50,55,55,55,60,60,65,50,45,45,50,45,40,40,35,35,35,35,35,35,35,35,30,30,30,35,35,45,40,40,35,35,30,30,30,30,35,35,35,40,40,40,45,45,45,50,55,55,40,40,40,45,45,55,55,55,50,50,45,45,45,40,35,35,30,30,30,25,25,25,25,20,20,20,20,20,45,45,45,45,40,45,45,45,45,45,45,45,50,50
Y07,40,40,40,35,35,35,30,30,30,30,30,35,35,40,40,45,45,45,50,50,45,45,45,45,35,30,30,30,25,25,25,25,30,30,30,30,30,35,35,40,40,40,45,45,45,45,50,50,50,55,55,60,20,20,20,20,0,20,20,20,20,25,25,25,30,30,30,30,30,35,35,35,25,20,25,25,25,25,30,30,30,30,30,30,35,35,35,35,35,35,40,40,45,35,35,40,40,40,45,40,40,35,35,30,30,30,35,30,30,30,30,30,30,30,30,35,35,35,40,40,45,20,20,20,20,20,25,25,25,30,30,30,35,35,40
Y08,45,40,40,40,40,35,35,30,30,30,35,35,40,45,45,45,50,50,50,55,50,50,45,45,35,35,35,30,30,30,30,30,30,30,30,35,35,35,40,40,45,45,45,45,50,50,50,55,55,55,60,60,20,20,20,20,20,20,20,25,25,25,30,30,30,30,30,35,35,35,40,40,20,20,20,25,25,30,30,35,35,35,35,35,35,40,35,35,30,35,35,40,40,35,40,40,40,45,40,40,35,35,30,30,30,30,30,30,30,30,30,30,30,35,35,35,40,40,40,45,45,20,0,20,20,20,20,25,25,25,30,30,30,35,35
Y09,40,40,40,40,35,35,35,30,30,30,35,35,35,40,45,45,45,50,50,50,50,50,45,45,35,35,30,30,30,30,25,30,30,30,30,30,35,35,40,40,40,45,45,45,45,50,50,50,55,55,60,60,25,20,20,25,20,20,20,25,25,25,25,30,30,30,30,30,35,35,35,40,20,20,20,20,25,30,30,30,35,35,30,35,35,35,35,35,30,35,35,40,40,35,40,40,40,45,40,35,35,30,30,25,25,30,30,30,30,30,30,30,30,35,35,35,35,40,40,45,45,20,20,0,20,20,20,20,20,25,25,30,30,35,35
Y10,40,40,40,35,35,35,30,30,30,30,30,35,35,40,40,45,45,45,50,50,45,45,45,45,35,30,30,30,25,25,25,25,30,30,30,30,30,35,35,40,40,40,45,45,45,50,50,50,50,55,55,60,25,25,20,25,20,20,25,25,25,25,25,25,30,30,30,30,30,35,35,40,20,20,20,20,25,25,30,30,30,30,30,30,35,35,35,30,30,30,35,35,40,35,35,40,40,40,40,35,35,30,30,25,25,25,30,30,30,30,30,30,30,30,30,35,35,35,40,40,45,20,20,20,0,20,20,20,20,25,25,25,30,30,35
Y11,40,40,35,35,35,30,30,30,25,30,30,30,35,40,40,45,45,45,50,50,45,45,45,40,30,30,30,25,25,25,25,25,25,25,30,30,30,35,35,35,40,40,40,45,45,45,45,50,50,55,55,60,25,25,25,25,20,25,25,25,25,20,25,25,25,25,25,30,30,30,35,35,20,0,20,20,20,25,25,30,30,30,30,30,30,35,35,30,30,30,30,35,35,35,35,35,40,40,35,35,30,30,25,25,25,25,25,30,25,25,25,25,30,30,30,30,35,35,35,40,40,20,20,20,20,20,20,20,20,20,25,25,30,30,30
Y12,40,40,40,40,35,35,30,30,30,30,30,35,35,40,45,45,45,50,50,50,50,45,45,45,35,35,30,30,30,25,25,25,30,30,30,30,35,35,40,40,40,40,45,45,45,50,50,50,55,55,60,60,30,25,25,30,25,25,30,25,25,25,25,25,30,30,30,30,30,35,35,40,20,20,20,20,25,25,30,30,30,35,30,35,35,30,30,25,25,25,30,30,35,35,40,40,40,45,35,30,30,25,25,20,20,20,25,30,30,30,30,30,30,30,35,35,35,40,40,40,45,25,20,20,20,20,0,20,20,20,20,20,25,25,30
Y13,45,40,40,40,40,35,35,30,30,30,35,35,40,40,45,45,50,50,50,50,50,50,45,45,35,35,30,30,30,30,25,30,30,30,30,30,35,35,40,40,40,45,45,45,50,50,50,55,55,55,60,60,30,30,25,30,25,25,30,30,25,25,25,30,30,30,30,30,35,35,35,40,20,20,20,20,25,30,30,30,35,35,30,35,30,30,30,25,25,25,30,30,35,35,40,40,40,45,35,30,30,25,20,20,20,20,25,30,30,30,30,30,30,35,35,35,35,40,40,45,45,25,25,20,20,20,20,0,20,20,20,20,25,25,30
Y14,45,45,40,40,40,35,35,35,30,35,35,35,40,45,45,45,50,50,50,55,50,50,45,45,35,35,35,30,30,30,30,30,30,30,35,35,35,40,40,40,45,45,45,50,50,50,50,55,55,55,60,60,30,30,30,30,25,30,30,30,30,25,30,30,30,30,30,35,35,35,40,40,20,20,20,25,25,30,30,35,35,35,35,35,30,30,30,25,25,25,25,30,30,35,40,40,40,45,30,30,25,25,20,20,20,20,20,25,30,30,30,30,35,35,35,35,40,40,40,45,45,25,25,20,20,20,20,20,0,20,20,20,25,25,25
Y15,45,45,45,40,40,40,35,35,35,35,35,35,40,40,45,45,50,50,50,55,50,50,50,45,40,35,35,35,35,30,30,30,30,30,30,30,35,35,40,40,40,40,45,45,45,50,50,50,55,55,60,60,35,30,30,35,30,30,30,30,30,30,30,30,25,30,30,30,35,35,35,40,25,20,25,25,30,30,30,30,35,35,30,30,30,25,25,25,20,20,25,25,30,35,35,35,40,40,30,25,25,20,20,20,20,20,20,25,25,30,30,30,35,35,35,35,40,40,40,45,45,30,25,25,25,20,20,20,20,0,20,20,20,20,25
Y16,45,45,45,40,40,35,35,35,35,30,30,35,35,40,45,45,45,50,50,50,50,50,45,45,35,35,35,35,30,30,30,30,25,30,30,30,30,35,35,40,40,40,45,45,45,45,50,50,50,55,55,60,35,35,30,35,30,30,35,30,30,30,30,25,25,25,30,30,30,35,35,40,25,25,25,25,30,30,30,30,30,30,30,30,25,25,25,20,20,20,25,25,30,30,35,35,35,40,30,25,25,20,20,20,0,20,20,25,25,25,30,30,30,35,35,35,35,40,40,45,45,30,30,25,25,25,20,20,20,20,20,20,20,20,25
Y17,45,40,40,40,40,35,35,30,30,30,30,30,35,40,40,45,45,45,50,50,45,45,45,45,35,35,30,30,30,30,25,25,25,25,25,30,30,30,35,35,35,40,40,40,45,45,45,50,50,55,55,60,35,35,35,35,30,35,35,30,30,25,25,25,25,25,25,30,30,30,35,35,25,25,25,30,25,30,30,30,30,30,30,25,25,25,20,20,20,20,20,25,25,30,30,35,35,35,30,25,25,20,20,20,20,20,20,20,25,25,25,30,30,30,30,35,35,35,40,40,45,30,30,30,25,25,20,20,20,20,20,0,20,20,20
Y18,45,45,45,40,40,40,35,35,35,30,30,35,35,40,40,45,45,45,50,50,50,50,45,45,40,35,35,35,30,30,30,30,30,25,25,25,25,30,30,35,35,35,40,40,40,40,45,45,45,50,55,55,40,40,35,40,35,35,35,35,30,30,30,25,25,25,25,30,30,35,35,35,30,30,30,30,30,30,30,30,30,25,25,25,20,20,20,20,0,20,20,20,25,30,30,30,35,35,35,30,25,25,20,20,20,20,20,25,25,30,30,30,30,35,35,35,40,40,40,45,45,35,30,30,30,30,25,25,25,20,20,20,20,20,20
Y19,50,45,45,45,40,40,40,35,35,35,35,35,35,40,45,45,45,50,50,50,50,50,50,50,40,40,35,35,35,35,30,30,30,30,30,30,30,30,35,35,35,40,40,40,45,45,45,50,50,55,55,60,40,40,40,40,35,40,35,35,35,30,30,30,30,30,30,30,35,35,35,40,30,30,30,35,30,35,35,30,30,30,30,25,25,25,20,20,20,20,20,25,25,30,30,35,35,35,35,30,30,25,25,20,20,20,20,25,30,30,30,35,35,35,35,40,40,40,45,45,50,35,35,35,30,30,25,25,25,20,20,20,20,0,20
Y20,50,50,50,45,45,40,40,40,35,35,35,35,40,45,45,50,50,50,55,55,55,50,50,50,40,40,40,35,35,35,30,35,30,30,30,30,30,35,35,35,40,40,40,45,45,45,45,50,50,55,55,60,45,40,40,45,40,40,40,35,35,35,30,30,30,30,30,35,35,35,40,40,35,30,35,35,35,35,35,35,30,30,30,30,25,25,25,20,20,20,25,25,25,30,35,35,35,40,35,35,30,30,25,25,25,20,20,25,30,30,35,35,35,40,40,40,40,45,45,50,50,40,35,35,35,30,30,30,25,25,25,20,20,20,0
