BR01動物園,,,,,,,,,,,,,,,,,,,,,,,,,,,,,,,,,,,,,,,,,,,,,,,,,,,,,,,,,,,,,,,,,,,,,,,,,,,,,,,,,,,,,,,,,,,,,,,,,,,,,,,,,,,,,,,,,,,,,,,,,,,,,,,,,,,,,,
20,BR02木柵,,,,,,,,,,,,,,,,,,,,,,,,,,,,,,,,,,,,,,,,,,,,,,,,,,,,,,,,,,,,,,,,,,,,,,,,,,,,,,,,,,,,,,,,,,,,,,,,,,,,,,,,,,,,,,,,,,,,,,,,,,,,,,,,,,,,,
20,20,BR03萬芳社區,,,,,,,,,,,,,,,,,,,,,,,,,,,,,,,,,,,,,,,,,,,,,,,,,,,,,,,,,,,,,,,,,,,,,,,,,,,,,,,,,,,,,,,,,,,,,,,,,,,,,,,,,,,,,,,,,,,,,,,,,,,,,,,,,,,,
20,20,20,BR04萬芳醫院,,,,,,,,,,,,,,,,,,,,,,,,,,,,,,,,,,,,,,,,,,,,,,,,,,,,,,,,,,,,,,,,,,,,,,,,,,,,,,,,,,,,,,,,,,,,,,,,,,,,,,,,,,,,,,,,,,,,,,,,,,,,,,,,,,,
20,20,20,20,BR05辛亥,,,,,,,,,,,,,,,,,,,,,,,,,,,,,,,,,,,,,,,,,,,,,,,,,,,,,,,,,,,,,,,,,,,,,,,,,,,,,,,,,,,,,,,,,,,,,,,,,,,,,,,,,,,,,,,,,,,,,,,,,,,,,,,,,,
20,20,20,20,20,BR06麟光,,,,,,,,,,,,,,,,,,,,,,,,,,,,,,,,,,,,,,,,,,,,,,,,,,,,,,,,,,,,,,,,,,,,,,,,,,,,,,,,,,,,,,,,,,,,,,,,,,,,,,,,,,,,,,,,,,,,,,,,,,,,,,,,,
25,20,20,20,20,20,BR07六張犁,,,,,,,,,,,,,,,,,,,,,,,,,,,,,,,,,,,,,,,,,,,,,,,,,,,,,,,,,,,,,,,,,,,,,,,,,,,,,,,,,,,,,,,,,,,,,,,,,,,,,,,,,,,,,,,,,,,,,,,,,,,,,,,,
25,25,25,20,20,20,20,BR08科技大樓,,,,,,,,,,,,,,,,,,,,,,,,,,,,,,,,,,,,,,,,,,,,,,,,,,,,,,,,,,,,,,,,,,,,,,,,,,,,,,,,,,,,,,,,,,,,,,,,,,,,,,,,,,,,,,,,,,,,,,,,,,,,,,,
25,25,25,25,20,20,20,20,BR09/R05大安,,,,,,,,,,,,,,,,,,,,,,,,,,,,,,,,,,,,,,,,,,,,,,,,,,,,,,,,,,,,,,,,,,,,,,,,,,,,,,,,,,,,,,,,,,,,,,,,,,,,,,,,,,,,,,,,,,,,,,,,,,,,,,
30,25,25,25,25,20,20,20,20,BR10/BL15忠孝復興,,,,,,,,,,,,,,,,,,,,,,,,,,,,,,,,,,,,,,,,,,,,,,,,,,,,,,,,,,,,,,,,,,,,,,,,,,,,,,,,,,,,,,,,,,,,,,,,,,,,,,,,,,,,,,,,,,,,,,,,,,,,,
30,30,30,25,25,20,20,20,20,20,BR11/G16南京復興,,,,,,,,,,,,,,,,,,,,,,,,,,,,,,,,,,,,,,,,,,,,,,,,,,,,,,,,,,,,,,,,,,,,,,,,,,,,,,,,,,,,,,,,,,,,,,,,,,,,,,,,,,,,,,,,,,,,,,,,,,,,
30,30,30,30,25,25,20,20,20,20,20,BR12中山國中,,,,,,,,,,,,,,,,,,,,,,,,,,,,,,,,,,,,,,,,,,,,,,,,,,,,,,,,,,,,,,,,,,,,,,,,,,,,,,,,,,,,,,,,,,,,,,,,,,,,,,,,,,,,,,,,,,,,,,,,,,,
35,35,30,30,30,25,25,25,20,20,20,20,BR13松山機場,,,,,,,,,,,,,,,,,,,,,,,,,,,,,,,,,,,,,,,,,,,,,,,,,,,,,,,,,,,,,,,,,,,,,,,,,,,,,,,,,,,,,,,,,,,,,,,,,,,,,,,,,,,,,,,,,,,,,,,,,,
40,35,35,35,35,30,30,25,25,25,20,20,20,BR14大直,,,,,,,,,,,,,,,,,,,,,,,,,,,,,,,,,,,,,,,,,,,,,,,,,,,,,,,,,,,,,,,,,,,,,,,,,,,,,,,,,,,,,,,,,,,,,,,,,,,,,,,,,,,,,,,,,,,,,,,,,
40,40,40,35,35,35,30,30,30,25,25,25,20,20,BR15劍南路,,,,,,,,,,,,,,,,,,,,,,,,,,,,,,,,,,,,,,,,,,,,,,,,,,,,,,,,,,,,,,,,,,,,,,,,,,,,,,,,,,,,,,,,,,,,,,,,,,,,,,,,,,,,,,,,,,,,,,,,
45,40,40,40,40,35,35,30,30,30,25,25,25,20,20,BR16西湖,,,,,,,,,,,,,,,,,,,,,,,,,,,,,,,,,,,,,,,,,,,,,,,,,,,,,,,,,,,,,,,,,,,,,,,,,,,,,,,,,,,,,,,,,,,,,,,,,,,,,,,,,,,,,,,,,,,,,,,
45,45,40,40,40,35,35,35,30,30,30,25,25,20,20,20,BR17港墘,,,,,,,,,,,,,,,,,,,,,,,,,,,,,,,,,,,,,,,,,,,,,,,,,,,,,,,,,,,,,,,,,,,,,,,,,,,,,,,,,,,,,,,,,,,,,,,,,,,,,,,,,,,,,,,,,,,,,,
45,45,45,40,40,40,35,35,35,30,30,30,25,20,20,20,20,BR18文德,,,,,,,,,,,,,,,,,,,,,,,,,,,,,,,,,,,,,,,,,,,,,,,,,,,,,,,,,,,,,,,,,,,,,,,,,,,,,,,,,,,,,,,,,,,,,,,,,,,,,,,,,,,,,,,,,,,,,
50,45,45,45,45,40,40,35,35,35,30,30,30,25,20,20,20,20,BR19內湖,,,,,,,,,,,,,,,,,,,,,,,,,,,,,,,,,,,,,,,,,,,,,,,,,,,,,,,,,,,,,,,,,,,,,,,,,,,,,,,,,,,,,,,,,,,,,,,,,,,,,,,,,,,,,,,,,,,,
50,45,45,45,45,40,40,35,35,35,35,30,30,25,25,20,20,20,20,BR20大湖公園,,,,,,,,,,,,,,,,,,,,,,,,,,,,,,,,,,,,,,,,,,,,,,,,,,,,,,,,,,,,,,,,,,,,,,,,,,,,,,,,,,,,,,,,,,,,,,,,,,,,,,,,,,,,,,,,,,,
45,45,45,40,40,40,35,35,35,30,35,35,30,30,25,25,20,20,20,20,BR21葫洲,,,,,,,,,,,,,,,,,,,,,,,,,,,,,,,,,,,,,,,,,,,,,,,,,,,,,,,,,,,,,,,,,,,,,,,,,,,,,,,,,,,,,,,,,,,,,,,,,,,,,,,,,,,,,,,,,,
45,45,40,40,40,35,35,35,30,30,30,35,35,30,25,25,25,20,20,20,20,BR22東湖,,,,,,,,,,,,,,,,,,,,,,,,,,,,,,,,,,,,,,,,,,,,,,,,,,,,,,,,,,,,,,,,,,,,,,,,,,,,,,,,,,,,,,,,,,,,,,,,,,,,,,,,,,,,,,,,,
40,40,40,40,35,35,35,30,30,30,30,30,35,30,30,25,25,25,20,20,20,20,BR23南港軟體園區,,,,,,,,,,,,,,,,,,,,,,,,,,,,,,,,,,,,,,,,,,,,,,,,,,,,,,,,,,,,,,,,,,,,,,,,,,,,,,,,,,,,,,,,,,,,,,,,,,,,,,,,,,,,,,,,
40,40,40,35,35,35,30,30,30,25,30,30,35,30,30,25,25,25,25,20,20,20,20,BR24/BL23南港展覽館,,,,,,,,,,,,,,,,,,,,,,,,,,,,,,,,,,,,,,,,,,,,,,,,,,,,,,,,,,,,,,,,,,,,,,,,,,,,,,,,,,,,,,,,,,,,,,,,,,,,,,,,,,,,,,,
30,30,30,25,25,25,20,20,20,20,20,25,25,30,35,35,35,40,40,40,40,35,35,35,R02象山,,,,,,,,,,,,,,,,,,,,,,,,,,,,,,,,,,,,,,,,,,,,,,,,,,,,,,,,,,,,,,,,,,,,,,,,,,,,,,,,,,,,,,,,,,,,,,,,,,,,,,,,,,,,,,
30,30,30,25,25,20,20,20,20,20,20,25,25,30,30,35,35,35,40,40,35,35,35,30,20,R03台北101/世貿,,,,,,,,,,,,,,,,,,,,,,,,,,,,,,,,,,,,,,,,,,,,,,,,,,,,,,,,,,,,,,,,,,,,,,,,,,,,,,,,,,,,,,,,,,,,,,,,,,,,,,,,,,,,,
30,25,25,25,25,20,20,20,20,20,20,20,25,30,30,30,35,35,35,35,35,35,30,30,20,20,R04信義安和,,,,,,,,,,,,,,,,,,,,,,,,,,,,,,,,,,,,,,,,,,,,,,,,,,,,,,,,,,,,,,,,,,,,,,,,,,,,,,,,,,,,,,,,,,,,,,,,,,,,,,,,,,,,
25,25,25,25,20,20,20,20,20,20,20,20,20,25,30,30,30,35,35,35,35,30,30,30,20,20,20,R05/BR09大安,,,,,,,,,,,,,,,,,,,,,,,,,,,,,,,,,,,,,,,,,,,,,,,,,,,,,,,,,,,,,,,,,,,,,,,,,,,,,,,,,,,,,,,,,,,,,,,,,,,,,,,,,,,
30,25,25,25,25,20,20,20,20,20,20,20,25,25,30,30,35,35,35,35,35,35,30,30,20,20,20,20,R06大安森林公園,,,,,,,,,,,,,,,,,,,,,,,,,,,,,,,,,,,,,,,,,,,,,,,,,,,,,,,,,,,,,,,,,,,,,,,,,,,,,,,,,,,,,,,,,,,,,,,,,,,,,,,,,,
30,30,25,25,25,20,20,20,20,20,20,20,25,30,30,30,35,35,35,40,35,35,30,30,20,20,20,20,20,R07/O06東門,,,,,,,,,,,,,,,,,,,,,,,,,,,,,,,,,,,,,,,,,,,,,,,,,,,,,,,,,,,,,,,,,,,,,,,,,,,,,,,,,,,,,,,,,,,,,,,,,,,,,,,,,
30,30,30,30,25,25,20,20,20,20,20,25,25,30,30,35,35,40,40,40,40,35,35,35,25,20,20,20,20,20,R08/G10中正紀念堂,,,,,,,,,,,,,,,,,,,,,,,,,,,,,,,,,,,,,,,,,,,,,,,,,,,,,,,,,,,,,,,,,,,,,,,,,,,,,,,,,,,,,,,,,,,,,,,,,,,,,,,,
35,30,30,30,30,25,25,20,20,20,20,20,25,30,30,35,35,35,40,40,35,35,35,35,25,25,20,20,20,20,20,R09台大醫院,,,,,,,,,,,,,,,,,,,,,,,,,,,,,,,,,,,,,,,,,,,,,,,,,,,,,,,,,,,,,,,,,,,,,,,,,,,,,,,,,,,,,,,,,,,,,,,,,,,,,,,
35,30,30,30,25,25,25,20,20,20,20,20,25,25,30,30,35,35,35,40,35,35,35,30,25,25,20,20,20,20,20,20,R10/BL12台北車站,,,,,,,,,,,,,,,,,,,,,,,,,,,,,,,,,,,,,,,,,,,,,,,,,,,,,,,,,,,,,,,,,,,,,,,,,,,,,,,,,,,,,,,,,,,,,,,,,,,,,,
35,35,30,30,30,25,25,25,20,20,20,20,20,25,30,30,30,35,35,35,35,35,35,35,25,25,25,20,20,20,20,20,20,R11/G14中山,,,,,,,,,,,,,,,,,,,,,,,,,,,,,,,,,,,,,,,,,,,,,,,,,,,,,,,,,,,,,,,,,,,,,,,,,,,,,,,,,,,,,,,,,,,,,,,,,,,,,
35,35,35,30,30,25,25,25,20,20,20,20,25,25,30,30,35,35,35,40,40,35,35,35,25,25,25,20,20,20,20,20,20,20,R12雙連,,,,,,,,,,,,,,,,,,,,,,,,,,,,,,,,,,,,,,,,,,,,,,,,,,,,,,,,,,,,,,,,,,,,,,,,,,,,,,,,,,,,,,,,,,,,,,,,,,,,
35,35,35,30,30,30,25,25,25,20,20,20,25,30,30,30,35,35,35,40,40,40,35,35,30,25,25,25,25,20,20,20,20,20,20,R13/O11民權西路,,,,,,,,,,,,,,,,,,,,,,,,,,,,,,,,,,,,,,,,,,,,,,,,,,,,,,,,,,,,,,,,,,,,,,,,,,,,,,,,,,,,,,,,,,,,,,,,,,,
35,35,35,35,30,30,30,25,25,25,20,25,25,30,30,35,35,35,40,40,40,40,40,35,30,30,25,25,25,25,20,20,20,20,20,20,R14圓山,,,,,,,,,,,,,,,,,,,,,,,,,,,,,,,,,,,,,,,,,,,,,,,,,,,,,,,,,,,,,,,,,,,,,,,,,,,,,,,,,,,,,,,,,,,,,,,,,,
40,40,40,35,35,30,30,30,25,25,25,25,30,30,35,35,40,40,40,45,45,40,40,40,30,30,30,25,25,25,25,20,20,20,20,20,20,R15劍潭,,,,,,,,,,,,,,,,,,,,,,,,,,,,,,,,,,,,,,,,,,,,,,,,,,,,,,,,,,,,,,,,,,,,,,,,,,,,,,,,,,,,,,,,,,,,,,,,,
40,40,40,40,35,35,30,30,30,30,25,25,30,35,35,40,40,40,45,45,45,45,40,40,35,30,30,30,30,30,25,25,25,20,20,20,20,20,R16士林,,,,,,,,,,,,,,,,,,,,,,,,,,,,,,,,,,,,,,,,,,,,,,,,,,,,,,,,,,,,,,,,,,,,,,,,,,,,,,,,,,,,,,,,,,,,,,,,
45,40,40,40,40,35,35,30,30,30,30,30,30,35,40,40,40,45,45,45,45,45,45,45,35,35,35,30,30,30,30,25,25,25,25,20,20,20,20,R17芝山,,,,,,,,,,,,,,,,,,,,,,,,,,,,,,,,,,,,,,,,,,,,,,,,,,,,,,,,,,,,,,,,,,,,,,,,,,,,,,,,,,,,,,,,,,,,,,,
45,45,45,40,40,35,35,35,30,30,30,30,35,35,40,40,45,45,45,50,50,45,45,45,35,35,35,30,30,30,30,25,25,25,25,25,20,20,20,20,R18明德,,,,,,,,,,,,,,,,,,,,,,,,,,,,,,,,,,,,,,,,,,,,,,,,,,,,,,,,,,,,,,,,,,,,,,,,,,,,,,,,,,,,,,,,,,,,,,
45,45,45,40,40,40,35,35,35,30,30,30,35,40,40,45,45,45,50,50,50,50,45,45,40,35,35,35,35,30,30,30,25,25,25,25,25,20,20,20,20,R19石牌,,,,,,,,,,,,,,,,,,,,,,,,,,,,,,,,,,,,,,,,,,,,,,,,,,,,,,,,,,,,,,,,,,,,,,,,,,,,,,,,,,,,,,,,,,,,,
50,45,45,45,45,40,40,35,35,35,30,35,35,40,45,45,45,50,50,50,50,50,50,45,40,40,35,35,35,35,30,30,30,30,30,25,25,20,20,20,20,20,R20唭哩岸,,,,,,,,,,,,,,,,,,,,,,,,,,,,,,,,,,,,,,,,,,,,,,,,,,,,,,,,,,,,,,,,,,,,,,,,,,,,,,,,,,,,,,,,,,,,
50,50,45,45,45,40,40,40,35,35,35,35,40,40,45,45,50,50,50,55,55,50,50,50,40,40,40,35,35,35,35,30,30,30,30,30,25,25,20,20,20,20,20,R21奇岩,,,,,,,,,,,,,,,,,,,,,,,,,,,,,,,,,,,,,,,,,,,,,,,,,,,,,,,,,,,,,,,,,,,,,,,,,,,,,,,,,,,,,,,,,,,
50,50,50,45,45,45,40,40,40,35,35,35,40,45,45,50,50,50,55,55,55,55,50,50,45,40,40,40,40,35,35,35,30,30,30,30,30,25,25,20,20,20,20,20,R22北投,,,,,,,,,,,,,,,,,,,,,,,,,,,,,,,,,,,,,,,,,,,,,,,,,,,,,,,,,,,,,,,,,,,,,,,,,,,,,,,,,,,,,,,,,,
50,50,50,50,45,45,45,40,40,40,35,40,40,45,45,50,50,50,55,55,55,55,55,50,45,45,40,40,40,40,35,35,35,35,30,30,30,25,25,25,20,20,20,20,20,R22A新北投,,,,,,,,,,,,,,,,,,,,,,,,,,,,,,,,,,,,,,,,,,,,,,,,,,,,,,,,,,,,,,,,,,,,,,,,,,,,,,,,,,,,,,,,,
55,50,50,50,50,45,45,40,40,40,40,40,40,45,50,50,50,55,55,55,55,55,55,55,45,45,45,40,40,40,40,35,35,35,35,30,30,30,25,25,25,20,20,20,20,20,R23復興崗,,,,,,,,,,,,,,,,,,,,,,,,,,,,,,,,,,,,,,,,,,,,,,,,,,,,,,,,,,,,,,,,,,,,,,,,,,,,,,,,,,,,,,,,
55,55,55,50,50,50,45,45,45,40,40,40,45,50,50,55,55,55,55,55,60,55,55,55,50,45,45,45,45,40,40,40,35,35,35,35,35,30,30,25,25,25,20,20,20,20,20,R24忠義,,,,,,,,,,,,,,,,,,,,,,,,,,,,,,,,,,,,,,,,,,,,,,,,,,,,,,,,,,,,,,,,,,,,,,,,,,,,,,,,,,,,,,,
55,55,55,55,50,50,50,45,45,45,40,45,45,50,50,55,55,55,55,60,60,60,55,55,50,50,45,45,45,45,40,40,40,40,35,35,35,30,30,30,25,25,25,20,20,20,20,20,R25關渡,,,,,,,,,,,,,,,,,,,,,,,,,,,,,,,,,,,,,,,,,,,,,,,,,,,,,,,,,,,,,,,,,,,,,,,,,,,,,,,,,,,,,,
60,60,55,55,55,55,50,50,50,45,45,45,50,55,55,55,55,60,60,60,60,60,60,60,55,50,50,50,50,45,45,45,40,40,40,40,40,35,35,30,30,30,25,25,25,25,20,20,20,R26竹圍,,,,,,,,,,,,,,,,,,,,,,,,,,,,,,,,,,,,,,,,,,,,,,,,,,,,,,,,,,,,,,,,,,,,,,,,,,,,,,,,,,,,,
60,60,60,60,55,55,55,55,50,50,50,50,50,55,55,60,60,60,60,65,65,65,60,60,55,55,55,50,50,50,50,45,45,45,45,45,40,40,35,35,35,30,30,30,25,30,25,20,20,20,R27紅樹林,,,,,,,,,,,,,,,,,,,,,,,,,,,,,,,,,,,,,,,,,,,,,,,,,,,,,,,,,,,,,,,,,,,,,,,,,,,,,,,,,,,,
65,65,60,60,60,60,55,55,55,55,50,55,55,60,60,60,60,65,65,65,65,65,65,65,60,55,55,55,55,55,50,50,50,50,45,45,45,40,40,40,35,35,35,30,30,35,30,25,25,20,20,R28淡水,,,,,,,,,,,,,,,,,,,,,,,,,,,,,,,,,,,,,,,,,,,,,,,,,,,,,,,,,,,,,,,,,,,,,,,,,,,,,,,,,,,
45,45,45,40,40,40,35,35,35,35,35,40,40,45,45,50,50,50,55,55,50,50,50,50,40,35,35,35,30,30,30,30,30,35,35,35,35,40,40,45,45,45,50,50,50,50,55,55,55,60,60,65,G01新店,,,,,,,,,,,,,,,,,,,,,,,,,,,,,,,,,,,,,,,,,,,,,,,,,,,,,,,,,,,,,,,,,,,,,,,,,,,,,,,,,,
45,45,40,40,40,35,35,35,30,35,35,35,40,45,45,45,50,50,50,55,50,50,45,45,35,35,35,30,30,30,30,30,30,30,35,35,35,40,40,40,45,45,45,45,50,50,50,55,55,55,60,60,20,G02新店區公所,,,,,,,,,,,,,,,,,,,,,,,,,,,,,,,,,,,,,,,,,,,,,,,,,,,,,,,,,,,,,,,,,,,,,,,,,,,,,,,,,
40,40,40,40,35,35,35,30,30,30,35,35,35,40,45,45,45,50,50,50,50,45,45,45,35,35,30,30,30,25,25,30,30,30,30,30,35,35,40,40,40,40,45,45,45,50,50,50,55,55,60,60,20,20,G03七張,,,,,,,,,,,,,,,,,,,,,,,,,,,,,,,,,,,,,,,,,,,,,,,,,,,,,,,,,,,,,,,,,,,,,,,,,,,,,,,,
45,45,45,40,40,40,35,35,35,35,35,40,40,45,45,50,50,50,55,55,50,50,50,50,40,35,35,35,30,30,30,30,30,35,35,35,35,40,40,45,45,45,50,50,50,50,55,55,55,60,60,65,20,20,20,G03A小碧潭,,,,,,,,,,,,,,,,,,,,,,,,,,,,,,,,,,,,,,,,,,,,,,,,,,,,,,,,,,,,,,,,,,,,,,,,,,,,,,,
40,40,40,35,35,35,30,30,30,30,30,35,35,40,40,45,45,45,50,50,45,45,45,45,35,30,30,30,25,25,25,25,30,30,30,30,30,35,35,40,40,40,45,45,45,45,50,50,50,55,55,60,20,20,20,20,G04/Y07大坪林,,,,,,,,,,,,,,,,,,,,,,,,,,,,,,,,,,,,,,,,,,,,,,,,,,,,,,,,,,,,,,,,,,,,,,,,,,,,,,
40,40,35,35,35,30,30,30,25,30,30,30,35,40,40,40,45,45,45,50,45,45,40,40,30,30,30,25,25,25,25,25,25,25,30,30,30,35,35,35,40,40,40,40,45,45,45,50,50,55,55,60,20,20,20,20,20,G05景美,,,,,,,,,,,,,,,,,,,,,,,,,,,,,,,,,,,,,,,,,,,,,,,,,,,,,,,,,,,,,,,,,,,,,,,,,,,,,
35,35,35,35,30,30,30,25,25,25,30,30,30,35,40,40,40,45,45,45,45,40,40,40,30,30,25,25,25,20,20,25,25,25,25,25,30,30,35,35,35,35,40,40,40,45,45,45,50,50,55,55,25,20,20,20,20,20,G06萬隆,,,,,,,,,,,,,,,,,,,,,,,,,,,,,,,,,,,,,,,,,,,,,,,,,,,,,,,,,,,,,,,,,,,,,,,,,,,,
35,35,35,30,30,25,25,25,20,25,25,25,30,35,35,40,40,40,45,45,40,40,40,35,25,25,25,20,20,20,20,20,20,20,25,25,25,30,30,30,35,35,35,40,40,40,40,45,45,50,55,55,25,25,20,25,20,20,20,G07公館,,,,,,,,,,,,,,,,,,,,,,,,,,,,,,,,,,,,,,,,,,,,,,,,,,,,,,,,,,,,,,,,,,,,,,,,,,,
35,30,30,30,30,25,25,20,20,20,25,25,30,30,35,35,40,40,40,40,40,40,35,35,25,25,20,20,20,20,20,20,20,20,20,25,25,25,30,30,30,35,35,35,40,40,40,45,45,50,50,55,25,25,25,25,20,20,20,20,G08台電大樓,,,,,,,,,,,,,,,,,,,,,,,,,,,,,,,,,,,,,,,,,,,,,,,,,,,,,,,,,,,,,,,,,,,,,,,,,,
30,30,30,30,25,25,20,20,20,20,20,25,25,30,35,35,35,40,40,40,40,35,35,35,25,25,20,20,20,20,20,20,20,20,20,20,25,25,25,30,30,30,35,35,35,40,40,40,45,45,50,55,30,25,25,30,25,20,20,20,20,G09/O05古亭,,,,,,,,,,,,,,,,,,,,,,,,,,,,,,,,,,,,,,,,,,,,,,,,,,,,,,,,,,,,,,,,,,,,,,,,,
30,30,30,30,25,25,20,20,20,20,20,25,25,30,30,35,35,40,40,40,40,35,35,35,25,20,20,20,20,20,20,20,20,20,20,20,20,25,25,30,30,30,30,35,35,35,40,40,40,45,50,50,30,30,25,30,25,25,20,20,20,20,G10/R08中正紀念堂,,,,,,,,,,,,,,,,,,,,,,,,,,,,,,,,,,,,,,,,,,,,,,,,,,,,,,,,,,,,,,,,,,,,,,,,
35,30,30,30,30,25,25,20,20,20,25,25,25,30,35,35,35,40,40,40,40,40,35,35,25,25,20,20,20,20,20,20,20,20,20,20,20,25,25,30,30,30,35,35,35,40,40,40,40,45,50,55,30,30,30,30,25,25,25,20,20,20,20,G11小南門,,,,,,,,,,,,,,,,,,,,,,,,,,,,,,,,,,,,,,,,,,,,,,,,,,,,,,,,,,,,,,,,,,,,,,,
35,35,30,30,30,25,25,25,20,20,20,25,25,30,30,35,35,35,40,40,40,35,35,35,25,25,25,20,20,20,20,20,20,20,20,20,20,25,25,25,30,30,30,35,35,35,35,40,40,45,50,50,30,30,30,30,30,25,25,20,20,20,20,20,G12/BL11西門,,,,,,,,,,,,,,,,,,,,,,,,,,,,,,,,,,,,,,,,,,,,,,,,,,,,,,,,,,,,,,,,,,,,,,
35,35,35,30,30,30,25,25,25,20,20,20,25,30,30,35,35,35,40,40,40,40,35,35,30,25,25,25,20,20,20,20,20,20,20,20,20,20,25,25,25,30,30,30,35,35,35,40,40,45,45,50,35,30,30,35,30,25,25,25,20,20,20,20,20,G13北門,,,,,,,,,,,,,,,,,,,,,,,,,,,,,,,,,,,,,,,,,,,,,,,,,,,,,,,,,,,,,,,,,,,,,
35,35,30,30,30,25,25,25,20,20,20,20,20,25,30,30,30,35,35,35,35,35,35,35,25,25,25,20,20,20,20,20,20,20,20,20,20,20,20,25,25,25,30,30,30,35,35,35,40,40,45,50,35,30,30,35,30,25,25,20,20,20,20,20,20,20,G14/R11中山,,,,,,,,,,,,,,,,,,,,,,,,,,,,,,,,,,,,,,,,,,,,,,,,,,,,,,,,,,,,,,,,,,,,
30,30,30,30,25,25,25,20,20,20,20,20,20,25,25,30,30,30,35,35,35,35,30,30,25,25,20,20,20,20,20,20,20,20,20,20,20,20,25,25,25,30,30,30,35,35,35,40,40,45,45,50,35,35,30,35,30,30,25,25,20,20,20,20,20,20,20,G15/O08松江南京,,,,,,,,,,,,,,,,,,,,,,,,,,,,,,,,,,,,,,,,,,,,,,,,,,,,,,,,,,,,,,,,,,,
30,30,30,25,25,20,20,20,20,20,20,20,20,20,25,25,30,30,30,35,35,30,30,30,20,20,20,20,20,20,20,20,20,20,20,20,20,25,25,30,30,30,30,35,35,35,40,40,40,45,50,50,35,35,35,35,30,30,30,25,25,20,20,25,20,20,20,20,G16/BR11南京復興,,,,,,,,,,,,,,,,,,,,,,,,,,,,,,,,,,,,,,,,,,,,,,,,,,,,,,,,,,,,,,,,,,
30,30,30,30,25,25,20,20,20,20,20,20,20,25,25,30,30,30,35,35,35,35,30,30,25,25,20,20,20,20,25,20,20,20,20,20,25,25,25,30,30,30,35,35,35,40,40,40,45,45,50,55,40,35,35,40,35,30,30,25,25,25,25,25,25,20,20,20,20,G17台北小巨蛋,,,,,,,,,,,,,,,,,,,,,,,,,,,,,,,,,,,,,,,,,,,,,,,,,,,,,,,,,,,,,,,,,
35,35,30,30,30,25,25,25,20,20,20,20,20,25,30,30,30,35,35,35,35,35,35,35,25,25,25,20,25,25,25,25,25,20,20,25,25,30,30,30,35,35,35,35,40,40,40,45,45,50,50,55,40,40,35,40,35,35,30,30,25,25,25,25,25,25,20,20,20,20,G18南京三民,,,,,,,,,,,,,,,,,,,,,,,,,,,,,,,,,,,,,,,,,,,,,,,,,,,,,,,,,,,,,,,,
35,35,35,30,30,30,25,25,25,20,20,20,25,30,30,35,35,35,40,40,40,40,35,35,30,25,25,25,25,25,30,25,25,25,25,25,25,30,30,35,35,35,40,40,40,40,45,45,45,50,55,55,40,40,40,40,35,35,35,30,30,30,30,30,25,25,25,20,20,20,20,G19松山,,,,,,,,,,,,,,,,,,,,,,,,,,,,,,,,,,,,,,,,,,,,,,,,,,,,,,,,,,,,,,,
40,40,40,35,35,35,30,30,30,30,30,35,35,40,40,45,45,45,50,50,45,45,45,45,35,30,30,30,25,25,25,25,25,30,30,30,30,35,35,40,40,40,45,45,45,45,50,50,50,55,55,60,30,25,25,30,25,25,25,25,25,25,25,25,25,30,30,30,30,35,35,35,O01南勢角,,,,,,,,,,,,,,,,,,,,,,,,,,,,,,,,,,,,,,,,,,,,,,,,,,,,,,,,,,,,,,
40,40,35,35,35,30,30,30,25,30,30,30,35,40,40,45,45,45,50,50,45,45,45,40,30,30,30,25,25,25,25,25,25,25,30,30,30,35,35,35,40,40,40,45,45,45,45,50,50,55,55,60,25,25,25,25,20,25,25,25,25,20,25,25,25,25,25,30,30,30,35,35,20,O02/Y11景安,,,,,,,,,,,,,,,,,,,,,,,,,,,,,,,,,,,,,,,,,,,,,,,,,,,,,,,,,,,,,
35,35,35,35,30,30,30,25,25,25,30,30,30,35,40,40,40,45,45,45,45,40,40,40,30,30,25,25,25,25,20,25,25,25,25,25,30,30,35,35,35,35,40,40,40,45,45,45,50,50,55,55,30,25,25,30,25,25,25,25,20,20,20,25,25,25,25,25,30,30,30,35,20,20,O03永安市場,,,,,,,,,,,,,,,,,,,,,,,,,,,,,,,,,,,,,,,,,,,,,,,,,,,,,,,,,,,,
35,35,35,30,30,25,25,25,25,25,25,25,30,35,35,40,40,40,45,45,40,40,40,35,25,25,25,25,20,20,20,20,20,25,25,25,25,30,30,35,35,35,35,40,40,40,45,45,45,50,55,55,30,30,25,30,25,25,25,20,20,20,20,20,20,25,25,25,25,25,30,30,20,20,20,O04頂溪,,,,,,,,,,,,,,,,,,,,,,,,,,,,,,,,,,,,,,,,,,,,,,,,,,,,,,,,,,,
30,30,30,30,25,25,20,20,20,20,20,25,25,30,35,35,35,40,40,40,40,35,35,35,25,25,20,20,20,20,20,20,20,20,20,20,25,25,25,30,30,30,35,35,35,40,40,40,45,45,50,55,30,25,25,30,25,20,20,20,20,20,20,20,20,20,20,20,20,25,25,30,25,20,20,20,O05/G09古亭,,,,,,,,,,,,,,,,,,,,,,,,,,,,,,,,,,,,,,,,,,,,,,,,,,,,,,,,,,
30,30,25,25,25,20,20,20,20,20,20,20,25,30,30,30,35,35,35,40,35,35,30,30,20,20,20,20,20,20,20,20,20,20,20,20,25,25,30,30,30,30,35,35,35,40,40,40,45,45,50,55,30,30,25,30,25,25,20,20,20,20,20,20,20,20,20,20,20,20,25,25,25,25,25,20,20,O06/R07東門,,,,,,,,,,,,,,,,,,,,,,,,,,,,,,,,,,,,,,,,,,,,,,,,,,,,,,,,,
30,30,30,25,25,20,20,20,20,20,20,20,20,25,30,30,30,35,35,35,35,30,30,30,20,20,20,20,20,20,20,20,20,20,20,20,20,25,25,30,30,30,30,35,35,35,40,40,40,45,50,50,35,30,30,35,30,25,25,20,20,20,20,20,20,20,20,20,20,20,20,25,30,25,25,20,20,20,O07/BL14忠孝新生,,,,,,,,,,,,,,,,,,,,,,,,,,,,,,,,,,,,,,,,,,,,,,,,,,,,,,,,
30,30,30,30,25,25,25,20,20,20,20,20,20,25,25,30,30,30,35,35,35,35,30,30,25,25,20,20,20,20,20,20,20,20,20,20,20,20,25,25,25,30,30,30,35,35,35,40,40,45,45,50,35,35,30,35,30,30,25,25,20,20,20,20,20,20,20,20,20,20,20,20,30,30,25,25,20,20,20,O08/G15松江南京,,,,,,,,,,,,,,,,,,,,,,,,,,,,,,,,,,,,,,,,,,,,,,,,,,,,,,,
35,30,30,30,30,25,25,20,20,20,20,20,20,25,30,30,30,35,35,35,35,35,35,30,25,25,20,20,20,20,20,20,20,20,20,20,20,20,25,25,25,25,30,30,30,35,35,35,40,40,45,50,35,35,35,35,30,30,30,25,25,20,20,20,20,20,20,20,20,20,20,25,30,30,30,25,20,20,20,20,O09行天宮,,,,,,,,,,,,,,,,,,,,,,,,,,,,,,,,,,,,,,,,,,,,,,,,,,,,,,
35,35,35,30,30,25,25,25,20,20,20,20,25,25,30,30,35,35,35,40,40,35,35,35,25,25,25,20,20,20,20,20,20,20,20,20,20,20,20,25,25,25,30,30,30,30,35,35,35,40,45,45,35,35,35,35,30,30,30,25,25,25,20,20,20,20,20,20,20,20,20,25,30,30,30,25,25,20,20,20,20,O10中山國小,,,,,,,,,,,,,,,,,,,,,,,,,,,,,,,,,,,,,,,,,,,,,,,,,,,,,
35,35,35,30,30,30,25,25,25,20,20,20,25,30,30,30,35,35,35,40,40,40,35,35,30,25,25,25,25,20,20,20,20,20,20,20,20,20,20,20,25,25,25,30,30,30,30,35,35,40,45,45,35,35,30,35,30,30,25,25,25,20,20,20,20,20,20,20,20,20,25,25,30,30,25,25,20,20,20,20,20,20,O11/R13民權西路,,,,,,,,,,,,,,,,,,,,,,,,,,,,,,,,,,,,,,,,,,,,,,,,,,,,
35,35,35,35,30,30,25,25,25,25,20,20,25,30,30,35,35,35,40,40,40,40,35,35,30,30,25,25,25,25,20,20,20,20,20,20,20,20,20,25,25,25,30,30,30,30,35,35,35,40,45,45,35,35,35,35,30,30,30,25,25,20,20,20,20,20,20,20,20,20,25,25,30,30,30,25,20,25,20,20,20,20,20,O12大橋頭,,,,,,,,,,,,,,,,,,,,,,,,,,,,,,,,,,,,,,,,,,,,,,,,,,,
40,40,35,35,35,30,30,30,25,25,25,25,25,30,35,35,35,40,40,40,40,40,40,40,30,30,30,25,25,25,25,20,20,20,20,20,20,20,25,25,25,30,30,30,35,35,35,40,40,45,45,50,40,35,35,40,35,30,30,30,25,25,25,25,25,20,20,20,25,25,25,30,35,30,30,30,25,25,25,20,20,20,20,20,O13台北橋,,,,,,,,,,,,,,,,,,,,,,,,,,,,,,,,,,,,,,,,,,,,,,,,,,
40,40,40,35,35,35,30,30,30,25,25,25,30,35,35,35,40,40,40,45,45,45,40,40,35,30,30,30,30,25,25,25,20,20,20,20,20,25,25,25,30,30,30,35,35,35,35,40,40,45,50,50,40,40,35,40,35,35,30,30,30,25,25,25,25,25,20,25,25,25,30,30,35,35,30,30,25,25,25,25,20,20,20,20,20,O14菜寮,,,,,,,,,,,,,,,,,,,,,,,,,,,,,,,,,,,,,,,,,,,,,,,,,
40,40,40,40,35,35,35,30,30,30,25,30,30,35,35,40,40,40,45,45,45,45,40,40,35,35,30,30,30,30,25,25,25,20,20,20,20,25,25,30,30,30,35,35,35,35,40,40,40,45,50,50,40,40,40,40,35,35,35,30,30,30,25,25,25,25,20,25,25,30,30,30,35,35,35,30,30,30,25,25,25,20,20,20,20,20,O15三重,,,,,,,,,,,,,,,,,,,,,,,,,,,,,,,,,,,,,,,,,,,,,,,,
45,45,45,40,40,35,35,35,30,30,30,30,35,35,40,40,45,45,45,50,50,45,45,45,35,35,35,30,30,30,30,25,25,25,25,25,25,30,30,30,35,35,35,35,40,40,40,45,45,50,50,55,40,40,40,40,35,40,35,35,30,30,30,30,30,25,25,25,30,30,35,35,30,30,30,35,30,30,30,25,25,25,25,20,20,20,20,O16先嗇宮,,,,,,,,,,,,,,,,,,,,,,,,,,,,,,,,,,,,,,,,,,,,,,,
45,45,45,40,40,40,35,35,35,30,30,35,35,40,40,45,45,45,50,50,50,50,45,45,40,35,35,35,30,30,30,30,30,25,25,25,25,30,30,35,35,35,40,40,40,40,45,45,45,50,55,55,40,40,35,40,35,35,35,35,30,30,30,25,25,25,25,30,30,35,35,35,30,30,30,30,30,30,30,30,30,25,25,25,20,20,20,20,O17/Y18頭前庄,,,,,,,,,,,,,,,,,,,,,,,,,,,,,,,,,,,,,,,,,,,,,,
45,45,45,45,40,40,40,35,35,35,35,35,35,40,45,45,45,50,50,50,50,50,50,45,40,40,35,35,35,35,30,30,30,30,30,25,30,30,35,35,35,40,40,40,40,45,45,45,50,55,55,60,40,40,40,40,35,40,35,35,35,30,30,30,25,30,30,30,35,35,35,40,30,30,30,35,30,35,30,30,30,30,25,25,25,20,20,20,20,O18新莊,,,,,,,,,,,,,,,,,,,,,,,,,,,,,,,,,,,,,,,,,,,,,
50,50,50,45,45,40,40,40,40,35,35,35,40,45,45,50,50,50,55,55,55,55,50,50,40,40,40,40,35,35,35,35,30,30,30,30,30,35,35,40,40,40,45,45,45,45,50,50,50,55,55,60,45,45,40,45,40,40,40,35,35,35,35,30,30,30,30,35,35,35,40,40,35,30,35,35,35,35,35,35,35,30,30,30,25,25,25,20,20,20,O19輔大,,,,,,,,,,,,,,,,,,,,,,,,,,,,,,,,,,,,,,,,,,,,
55,50,50,50,45,45,45,40,40,40,40,40,40,45,50,50,50,55,55,55,55,55,55,55,45,45,40,40,40,40,35,35,35,35,35,30,35,35,40,40,40,45,45,45,50,50,50,55,55,55,60,60,45,45,45,45,40,45,40,40,40,35,35,35,35,35,35,35,40,40,40,45,35,35,35,40,35,40,35,35,35,35,30,30,30,25,25,25,20,20,20,O20丹鳳,,,,,,,,,,,,,,,,,,,,,,,,,,,,,,,,,,,,,,,,,,,
55,55,55,50,50,45,45,45,45,40,40,40,45,50,50,55,55,55,55,60,55,55,55,55,45,45,45,45,40,40,35,40,35,35,35,35,35,40,40,45,45,45,45,50,50,50,55,55,55,60,60,65,50,45,45,50,45,45,45,40,40,40,35,35,35,35,35,40,40,40,45,45,40,35,40,40,40,40,40,40,40,35,35,35,30,30,30,25,25,20,20,20,O21迴龍,,,,,,,,,,,,,,,,,,,,,,,,,,,,,,,,,,,,,,,,,,
40,40,40,35,35,30,30,30,25,25,25,25,30,30,35,35,40,40,40,45,45,40,40,40,30,30,30,25,25,25,25,20,20,20,20,20,20,25,25,25,30,30,30,30,35,35,35,40,40,45,45,50,40,40,35,40,35,35,30,30,25,25,25,25,25,20,20,20,25,25,30,30,35,35,30,30,25,25,25,20,20,20,20,20,20,20,25,25,30,30,30,35,35,O50三重國小,,,,,,,,,,,,,,,,,,,,,,,,,,,,,,,,,,,,,,,,,
40,40,40,40,35,35,35,30,30,30,25,30,30,35,35,40,40,40,45,45,45,45,40,40,35,35,30,30,30,30,25,25,25,20,20,20,20,25,25,30,30,30,35,35,35,35,40,40,40,45,50,50,40,40,40,40,35,35,35,30,30,30,25,25,25,25,20,25,25,30,30,30,35,35,35,30,30,30,25,25,25,20,20,20,20,25,25,30,30,30,35,35,40,20,O51三和國中,,,,,,,,,,,,,,,,,,,,,,,,,,,,,,,,,,,,,,,,
45,40,40,40,40,35,35,30,30,30,25,30,30,35,40,40,40,45,45,45,45,45,45,40,35,35,30,30,30,30,25,25,25,25,25,20,25,25,30,30,30,30,35,35,35,40,40,40,45,45,50,55,45,40,40,45,40,35,35,30,30,30,25,30,25,25,25,25,25,30,30,35,40,35,35,35,30,30,25,25,25,25,20,20,25,25,25,30,30,35,35,40,40,20,20,O52徐匯中學,,,,,,,,,,,,,,,,,,,,,,,,,,,,,,,,,,,,,,,
45,45,45,40,40,35,35,35,30,30,30,30,35,35,40,40,45,45,45,50,50,45,45,45,35,35,35,30,30,30,30,25,25,25,25,25,25,30,30,30,35,35,35,35,40,40,40,45,45,50,50,55,45,45,40,45,40,40,35,35,30,30,30,30,30,25,25,25,30,30,35,35,40,40,35,35,30,30,30,25,25,25,25,20,25,25,30,30,35,35,35,40,40,20,20,20,O53三民高中,,,,,,,,,,,,,,,,,,,,,,,,,,,,,,,,,,,,,,
45,45,45,45,40,40,35,35,35,35,30,30,35,40,40,45,45,45,50,50,50,50,45,45,40,40,35,35,35,35,30,30,30,25,25,25,25,30,30,35,35,35,40,40,40,40,45,45,45,50,55,55,45,45,45,45,40,40,40,35,35,30,30,30,30,30,25,30,30,30,35,35,40,40,40,35,30,35,30,30,30,25,25,25,25,30,30,30,35,35,40,40,45,20,20,20,20,O54蘆洲,,,,,,,,,,,,,,,,,,,,,,,,,,,,,,,,,,,,,
55,55,55,55,55,50,50,45,45,45,45,45,50,55,55,55,60,60,60,60,60,60,60,55,50,50,50,45,45,45,40,40,40,40,45,45,45,50,50,50,55,55,55,55,55,60,60,60,60,65,65,65,50,45,45,50,45,45,45,45,45,45,40,40,40,40,40,45,45,45,50,50,40,35,40,40,45,45,45,45,45,45,45,45,40,40,40,35,35,35,35,40,40,45,50,50,50,55,BL01頂埔,,,,,,,,,,,,,,,,,,,,,,,,,,,,,,,,,,,,
55,55,55,50,50,45,45,45,45,40,40,45,45,50,55,55,55,55,60,60,60,55,55,55,50,45,45,45,40,40,40,40,35,40,40,40,40,45,45,50,50,50,55,55,55,55,55,60,60,60,65,65,45,45,40,45,40,40,45,40,40,40,40,35,35,35,40,40,40,45,45,50,35,35,35,35,40,40,40,40,40,40,40,40,35,35,35,30,30,30,35,35,40,45,45,45,50,50,20,BL02永寧,,,,,,,,,,,,,,,,,,,,,,,,,,,,,,,,,,,
55,50,50,50,50,45,45,40,40,40,40,40,45,50,50,55,55,55,55,60,55,55,55,55,45,45,45,40,40,40,35,35,35,35,40,40,40,45,45,45,50,50,50,50,55,55,55,55,60,60,65,65,45,40,40,45,40,40,40,40,40,40,35,35,35,35,35,40,40,40,45,45,35,30,35,35,40,40,40,40,40,40,40,40,35,35,30,30,25,30,30,35,35,40,45,45,45,50,20,20,BL03土城,,,,,,,,,,,,,,,,,,,,,,,,,,,,,,,,,,
50,50,50,45,45,45,40,40,40,40,40,40,40,45,50,50,50,55,55,55,55,55,50,50,45,40,40,40,35,35,35,35,35,35,35,35,40,40,40,45,45,45,50,50,50,55,55,55,55,60,60,65,40,40,40,40,35,40,40,40,35,35,35,30,30,30,35,35,40,40,40,45,30,30,30,35,35,35,35,35,40,35,35,35,35,30,30,25,25,25,30,30,35,40,40,40,45,45,20,20,20,BL04海山,,,,,,,,,,,,,,,,,,,,,,,,,,,,,,,,,
50,45,45,45,45,40,40,35,35,35,35,35,40,45,45,50,50,50,55,55,55,50,50,50,40,40,40,35,35,35,30,30,30,30,35,35,35,40,40,40,45,45,45,45,50,50,50,55,55,55,60,60,40,35,35,40,35,35,35,35,35,30,30,30,30,30,30,35,35,35,40,40,25,25,30,30,30,35,35,35,35,35,35,35,30,30,25,25,20,25,25,30,30,35,40,40,40,45,25,20,20,20,BL05亞東醫院,,,,,,,,,,,,,,,,,,,,,,,,,,,,,,,,
45,45,45,40,40,40,35,35,35,35,35,35,35,40,45,45,45,50,50,50,50,50,45,45,40,35,35,35,30,30,30,30,30,30,30,30,35,35,35,40,40,40,45,45,45,50,50,50,55,55,60,60,35,35,35,35,30,35,35,35,30,30,30,30,25,30,30,30,35,35,35,40,25,25,25,30,30,30,30,30,35,30,30,30,30,25,25,20,20,20,25,25,30,35,35,35,40,40,25,25,20,20,20,BL06府中,,,,,,,,,,,,,,,,,,,,,,,,,,,,,,,
45,45,45,40,40,35,35,35,35,30,30,35,35,40,45,45,45,50,50,50,50,50,45,45,35,35,35,35,30,30,30,30,25,30,30,30,30,35,35,40,40,40,45,45,45,45,50,50,50,55,55,60,35,35,30,35,30,30,35,30,30,30,30,25,25,25,30,30,30,35,35,40,25,25,25,25,30,30,30,30,30,30,30,30,25,25,25,20,20,20,25,25,30,30,35,35,35,40,30,25,25,20,20,20,BL07板橋,,,,,,,,,,,,,,,,,,,,,,,,,,,,,,
45,40,40,40,40,35,35,30,30,30,30,30,35,40,40,45,45,45,50,50,45,45,45,45,35,35,30,30,30,30,25,25,25,25,25,30,30,30,35,35,35,40,40,40,45,45,45,50,50,55,55,60,35,35,35,35,30,35,35,30,30,25,25,25,25,25,25,30,30,30,35,35,25,25,25,30,25,30,30,30,30,30,30,25,25,25,20,20,20,20,20,25,25,30,30,35,35,35,30,25,25,20,20,20,20,BL08新埔,,,,,,,,,,,,,,,,,,,,,,,,,,,,,
40,40,40,40,35,35,30,30,30,30,30,30,35,35,40,40,45,45,45,50,45,45,45,40,35,30,30,30,30,25,25,25,25,25,25,25,30,30,35,35,35,35,40,40,40,45,45,45,50,50,55,55,40,35,35,40,35,35,30,30,25,25,25,25,20,25,25,25,30,30,30,35,30,25,30,30,25,25,25,25,30,30,25,30,25,25,25,20,20,20,25,25,30,30,35,35,35,40,30,30,25,25,20,20,20,20,BL09江子翠,,,,,,,,,,,,,,,,,,,,,,,,,,,,
35,35,35,30,30,30,25,25,25,25,25,25,30,30,35,35,40,40,40,45,40,40,35,35,30,25,25,25,25,20,20,20,20,20,20,20,25,25,30,30,30,30,35,35,35,40,40,40,45,45,50,55,35,35,30,35,30,30,25,25,20,20,20,20,20,20,20,20,25,25,25,30,30,30,25,25,20,20,20,20,25,25,20,25,25,25,30,25,25,25,30,30,35,25,30,30,30,35,35,35,30,30,25,25,25,20,20,BL10龍山寺,,,,,,,,,,,,,,,,,,,,,,,,,,,
35,35,30,30,30,25,25,25,20,20,20,25,25,30,30,35,35,35,40,40,40,35,35,35,25,25,25,20,20,20,20,20,20,20,20,20,20,25,25,25,30,30,30,35,35,35,35,40,40,45,50,50,30,30,30,30,30,25,25,20,20,20,20,20,20,20,20,20,20,25,25,25,25,25,25,20,20,20,20,20,20,20,20,20,25,25,25,30,25,25,30,35,35,25,25,25,30,30,40,35,35,30,30,25,25,25,20,20,BL11/G12西門,,,,,,,,,,,,,,,,,,,,,,,,,,
35,30,30,30,25,25,25,20,20,20,20,20,25,25,30,30,35,35,35,40,35,35,35,30,25,25,20,20,20,20,20,20,20,20,20,20,20,20,25,25,25,25,30,30,30,35,35,35,40,40,45,50,30,30,30,30,30,25,25,20,20,20,20,20,20,20,20,20,20,20,25,25,25,25,25,20,20,20,20,20,20,20,20,20,20,20,25,25,30,30,30,35,35,20,25,25,25,30,40,35,35,35,30,30,25,25,25,20,20,BL12/R10台北車站,,,,,,,,,,,,,,,,,,,,,,,,,
30,30,30,30,25,25,20,20,20,20,20,20,25,30,30,30,35,35,35,40,35,35,30,30,25,20,20,20,20,20,20,20,20,20,20,20,20,20,25,25,30,30,30,30,35,35,35,40,40,45,45,50,35,30,30,35,30,25,25,25,20,20,20,20,20,20,20,20,20,20,25,25,30,25,25,25,20,20,20,20,20,20,20,20,20,25,25,25,30,30,35,35,40,20,25,25,25,30,40,40,35,35,30,30,30,25,25,20,20,20,BL13善導寺,,,,,,,,,,,,,,,,,,,,,,,,
30,30,30,25,25,20,20,20,20,20,20,20,20,25,30,30,30,35,35,35,35,30,30,30,20,20,20,20,20,20,20,20,20,20,20,20,20,25,25,30,30,30,30,35,35,35,40,40,40,45,50,50,35,30,30,35,30,25,25,20,20,20,20,20,20,20,20,20,20,20,20,25,30,25,25,20,20,20,20,20,20,20,20,20,25,25,25,30,30,30,35,35,40,25,25,25,30,30,45,40,40,35,35,30,30,30,25,20,20,20,20,BL14/O07忠孝新生,,,,,,,,,,,,,,,,,,,,,,,
30,25,25,25,25,20,20,20,20,20,20,20,20,25,25,30,30,30,35,35,30,30,30,25,20,20,20,20,20,20,20,20,20,20,20,20,25,25,30,30,30,30,35,35,35,40,40,40,45,45,50,55,35,35,30,35,30,30,25,25,20,20,20,20,20,20,20,20,20,20,20,20,30,30,25,25,20,20,20,20,20,20,20,25,25,25,30,30,30,35,35,40,40,25,30,30,30,35,45,40,40,40,35,35,30,30,30,25,20,20,20,20,BL15/BR10忠孝復興,,,,,,,,,,,,,,,,,,,,,,
30,30,25,25,25,20,20,20,20,20,20,20,20,25,30,30,30,35,35,35,30,30,25,25,20,20,20,20,20,20,20,20,20,20,20,25,25,25,30,30,30,35,35,35,40,40,40,45,45,50,50,55,35,35,30,35,30,30,25,25,25,20,20,25,20,25,20,20,20,20,20,25,30,30,30,25,20,20,20,20,20,20,25,25,25,30,30,30,35,35,40,40,45,25,30,30,30,35,45,45,40,40,35,35,35,30,30,25,20,20,20,20,20,BL16忠孝敦化,,,,,,,,,,,,,,,,,,,,,
30,30,30,25,25,20,20,20,20,20,20,20,25,25,30,30,35,35,35,30,30,30,25,25,25,20,20,20,20,20,25,20,20,20,25,25,25,30,30,30,35,35,35,40,40,40,40,45,45,50,50,55,35,35,35,35,30,30,30,25,25,25,25,25,25,25,20,20,20,20,20,25,30,30,30,25,25,20,20,20,20,25,25,25,25,30,30,35,35,35,40,40,45,30,30,30,35,35,50,45,45,40,35,35,35,30,30,25,25,20,20,20,20,20,BL17國父紀念館,,,,,,,,,,,,,,,,,,,,
30,30,30,30,25,25,25,20,20,20,20,20,25,30,30,35,35,35,30,30,30,25,25,25,25,25,20,20,20,20,25,25,20,25,25,25,25,30,30,35,35,35,40,40,40,40,45,45,45,50,55,55,40,35,35,40,35,30,30,25,25,25,25,25,25,25,25,20,20,20,25,25,35,30,30,30,25,20,20,20,25,25,25,25,30,30,30,35,35,40,40,45,45,30,30,35,35,35,50,45,45,40,40,35,35,35,30,25,25,20,20,20,20,20,20,BL18市政府,,,,,,,,,,,,,,,,,,,
35,30,30,30,30,25,25,20,20,20,20,25,25,30,30,35,35,30,30,30,25,25,25,20,25,25,25,20,20,25,25,25,25,25,25,25,30,30,35,35,35,35,40,40,40,45,45,45,50,50,55,55,40,40,35,40,35,35,30,30,25,25,25,25,25,25,25,25,20,25,25,25,35,35,30,30,25,25,20,25,25,25,25,30,30,30,35,35,40,40,40,45,45,30,35,35,35,40,50,50,45,45,40,40,35,35,35,30,25,25,25,20,20,20,20,20,BL19永春,,,,,,,,,,,,,,,,,,
35,35,35,30,30,25,25,25,20,20,25,25,25,30,35,35,35,30,30,30,25,25,20,20,25,25,25,20,25,25,25,25,25,25,25,30,30,35,35,35,40,40,40,40,45,45,45,50,50,55,55,60,40,40,40,40,35,35,35,30,30,25,25,30,30,30,25,25,25,25,25,30,35,35,35,30,25,25,25,25,25,30,30,30,30,35,35,40,40,40,45,45,50,35,35,35,40,40,50,50,45,45,40,40,40,35,35,30,30,25,25,25,20,20,20,20,20,BL20後山埤,,,,,,,,,,,,,,,,,
35,35,35,35,30,30,30,25,25,25,25,25,30,35,35,30,30,30,25,25,25,20,20,20,30,30,25,25,25,25,30,30,25,30,30,30,30,35,35,40,40,40,45,45,45,45,50,50,50,55,55,60,45,40,40,45,40,35,35,35,30,30,30,30,30,30,30,25,25,25,30,30,40,35,35,35,30,25,25,25,30,30,30,30,35,35,35,40,40,45,45,50,50,35,35,40,40,40,55,50,50,45,45,40,40,40,35,30,30,25,25,25,25,20,20,20,20,20,BL21昆陽,,,,,,,,,,,,,,,,
40,40,35,35,35,30,30,30,25,25,30,30,30,35,30,30,30,25,25,25,20,20,20,20,30,30,30,25,30,30,30,30,30,30,30,35,35,35,40,40,40,45,45,45,50,50,50,55,55,55,60,60,45,45,45,45,40,40,40,35,35,30,30,35,30,35,30,30,30,30,30,35,40,40,40,35,30,30,25,30,30,30,35,35,35,40,40,40,45,45,50,50,55,35,40,40,40,45,55,55,50,50,45,45,45,40,40,35,30,30,30,25,25,25,25,20,20,20,20,BL22南港,,,,,,,,,,,,,,,
40,40,40,35,35,35,30,30,30,25,30,30,35,30,30,25,25,25,25,20,20,20,20,20,35,30,30,30,30,30,35,35,30,35,35,35,35,40,40,45,45,45,45,50,50,50,55,55,55,60,60,65,50,45,45,50,45,40,40,35,35,35,35,35,35,35,35,30,30,30,35,35,45,40,40,35,35,30,30,30,30,35,35,35,40,40,40,45,45,45,50,55,55,40,40,40,45,45,55,55,55,50,50,45,45,45,40,35,35,30,30,30,25,25,25,25,20,20,20,20,BL23/BR24南港展覽館,,,,,,,,,,,,,,
40,40,40,35,35,35,30,30,30,30,30,35,35,40,40,45,45,45,50,50,45,45,45,45,35,30,30,30,25,25,25,25,30,30,30,30,30,35,35,40,40,40,45,45,45,45,50,50,50,55,55,60,20,20,20,20,20,20,20,20,20,25,25,25,30,30,30,30,30,35,35,35,25,20,25,25,25,25,30,30,30,30,30,30,35,35,35,35,35,35,40,40,45,35,35,40,40,40,45,40,40,35,35,30,30,30,35,30,30,30,30,30,30,30,30,35,35,35,40,40,45,Y07/G04大坪林,,,,,,,,,,,,,
45,40,40,40,40,35,35,30,30,30,35,35,40,45,45,45,50,50,50,55,50,50,45,45,35,35,35,30,30,30,30,30,30,30,30,35,35,35,40,40,45,45,45,45,50,50,50,55,55,55,60,60,20,20,20,20,20,20,20,25,25,25,30,30,30,30,30,35,35,35,40,40,20,20,20,25,25,30,30,35,35,35,35,35,35,40,35,35,30,35,35,40,40,35,40,40,40,45,40,40,35,35,30,30,30,30,30,30,30,30,30,30,30,35,35,35,40,40,40,45,45,20,Y08十四張,,,,,,,,,,,,
40,40,40,40,35,35,35,30,30,30,35,35,35,40,45,45,45,50,50,50,50,50,45,45,35,35,30,30,30,30,25,30,30,30,30,30,35,35,40,40,40,45,45,45,45,50,50,50,55,55,60,60,25,20,20,25,20,20,20,25,25,25,25,30,30,30,30,30,35,35,35,40,20,20,20,20,25,30,30,30,35,35,30,35,35,35,35,35,30,35,35,40,40,35,40,40,40,45,40,35,35,30,30,25,25,30,30,30,30,30,30,30,30,35,35,35,35,40,40,45,45,20,20,Y09秀朗橋,,,,,,,,,,,
40,40,40,35,35,35,30,30,30,30,30,35,35,40,40,45,45,45,50,50,45,45,45,45,35,30,30,30,25,25,25,25,30,30,30,30,30,35,35,40,40,40,45,45,45,50,50,50,50,55,55,60,25,25,20,25,20,20,25,25,25,25,25,25,30,30,30,30,30,35,35,40,20,20,20,20,25,25,30,30,30,30,30,30,35,35,35,30,30,30,35,35,40,35,35,40,40,40,40,35,35,30,30,25,25,25,30,30,30,30,30,30,30,30,30,35,35,35,40,40,45,20,20,20,Y10景平,,,,,,,,,,
40,40,35,35,35,30,30,30,25,30,30,30,35,40,40,45,45,45,50,50,45,45,45,40,30,30,30,25,25,25,25,25,25,25,30,30,30,35,35,35,40,40,40,45,45,45,45,50,50,55,55,60,25,25,25,25,20,25,25,25,25,20,25,25,25,25,25,30,30,30,35,35,20,20,20,20,20,25,25,30,30,30,30,30,30,35,35,30,30,30,30,35,35,35,35,35,40,40,35,35,30,30,25,25,25,25,25,30,25,25,25,25,30,30,30,30,35,35,35,40,40,20,20,20,20,Y11/O02景安,,,,,,,,,
40,40,40,40,35,35,30,30,30,30,30,35,35,40,45,45,45,50,50,50,50,45,45,45,35,35,30,30,30,25,25,25,30,30,30,30,35,35,40,40,40,40,45,45,45,50,50,50,55,55,60,60,30,25,25,30,25,25,30,25,25,25,25,25,30,30,30,30,30,35,35,40,20,20,20,20,25,25,30,30,30,35,30,35,35,30,30,25,25,25,30,30,35,35,40,40,40,45,35,30,30,25,25,20,20,20,25,30,30,30,30,30,30,30,35,35,35,40,40,40,45,25,20,20,20,20,Y12中和,,,,,,,,
45,40,40,40,40,35,35,30,30,30,35,35,40,40,45,45,50,50,50,50,50,50,45,45,35,35,30,30,30,30,25,30,30,30,30,30,35,35,40,40,40,45,45,45,50,50,50,55,55,55,60,60,30,30,25,30,25,25,30,30,25,25,25,30,30,30,30,30,35,35,35,40,20,20,20,20,25,30,30,30,35,35,30,35,30,30,30,25,25,25,30,30,35,35,40,40,40,45,35,30,30,25,20,20,20,20,25,30,30,30,30,30,30,35,35,35,35,40,40,45,45,25,25,20,20,20,20,Y13橋和,,,,,,,
45,45,40,40,40,35,35,35,30,35,35,35,40,45,45,45,50,50,50,55,50,50,45,45,35,35,35,30,30,30,30,30,30,30,35,35,35,40,40,40,45,45,45,50,50,50,50,55,55,55,60,60,30,30,30,30,25,30,30,30,30,25,30,30,30,30,30,35,35,35,40,40,20,20,20,25,25,30,30,35,35,35,35,35,30,30,30,25,25,25,25,30,30,35,40,40,40,45,30,30,25,25,20,20,20,20,20,25,30,30,30,30,35,35,35,35,40,40,40,45,45,25,25,20,20,20,20,20,Y14中原,,,,,,
45,45,45,40,40,40,35,35,35,35,35,35,40,40,45,45,50,50,50,55,50,50,50,45,40,35,35,35,35,30,30,30,30,30,30,30,35,35,40,40,40,40,45,45,45,50,50,50,55,55,60,60,35,30,30,35,30,30,30,30,30,30,30,30,25,30,30,30,35,35,35,40,25,20,25,25,30,30,30,30,35,35,30,30,30,25,25,25,20,20,25,25,30,35,35,35,40,40,30,25,25,20,20,20,20,20,20,25,25,30,30,30,35,35,35,35,40,40,40,45,45,30,25,25,25,20,20,20,20,Y15板新,,,,,
45,45,45,40,40,35,35,35,35,30,30,35,35,40,45,45,45,50,50,50,50,50,45,45,35,35,35,35,30,30,30,30,25,30,30,30,30,35,35,40,40,40,45,45,45,45,50,50,50,55,55,60,35,35,30,35,30,30,35,30,30,30,30,25,25,25,30,30,30,35,35,40,25,25,25,25,30,30,30,30,30,30,30,30,25,25,25,20,20,20,25,25,30,30,35,35,35,40,30,25,25,20,20,20,20,20,20,25,25,25,30,30,30,35,35,35,35,40,40,45,45,30,30,25,25,25,20,20,20,20,Y16板橋,,,,
45,40,40,40,40,35,35,30,30,30,30,30,35,40,40,45,45,45,50,50,45,45,45,45,35,35,30,30,30,30,25,25,25,25,25,30,30,30,35,35,35,40,40,40,45,45,45,50,50,55,55,60,35,35,35,35,30,35,35,30,30,25,25,25,25,25,25,30,30,30,35,35,25,25,25,30,25,30,30,30,30,30,30,25,25,25,20,20,20,20,20,25,25,30,30,35,35,35,30,25,25,20,20,20,20,20,20,20,25,25,25,30,30,30,30,35,35,35,40,40,45,30,30,30,25,25,20,20,20,20,20,Y17新埔民生,,,
45,45,45,40,40,40,35,35,35,30,30,35,35,40,40,45,45,45,50,50,50,50,45,45,40,35,35,35,30,30,30,30,30,25,25,25,25,30,30,35,35,35,40,40,40,40,45,45,45,50,55,55,40,40,35,40,35,35,35,35,30,30,30,25,25,25,25,30,30,35,35,35,30,30,30,30,30,30,30,30,30,25,25,25,20,20,20,20,20,20,20,20,25,30,30,30,35,35,35,30,25,25,20,20,20,20,20,25,25,30,30,30,30,35,35,35,40,40,40,45,45,35,30,30,30,30,25,25,25,20,20,20,Y18/O17頭前庄,,
50,45,45,45,40,40,40,35,35,35,35,35,35,40,45,45,45,50,50,50,50,50,50,50,40,40,35,35,35,35,30,30,30,30,30,30,30,30,35,35,35,40,40,40,45,45,45,50,50,55,55,60,40,40,40,40,35,40,35,35,35,30,30,30,30,30,30,30,35,35,35,40,30,30,30,35,30,35,35,30,30,30,30,25,25,25,20,20,20,20,20,25,25,30,30,35,35,35,35,30,30,25,25,20,20,20,20,25,30,30,30,35,35,35,35,40,40,40,45,45,50,35,35,35,30,30,25,25,25,20,20,20,20,Y19幸福,
50,50,50,45,45,40,40,40,35,35,35,35,40,45,45,50,50,50,55,55,55,50,50,50,40,40,40,35,35,35,30,35,30,30,30,30,30,35,35,35,40,40,40,45,45,45,45,50,50,55,55,60,45,40,40,45,40,40,40,35,35,35,30,30,30,30,30,35,35,35,40,40,35,30,35,35,35,35,35,35,30,30,30,30,25,25,25,20,20,20,25,25,25,30,35,35,35,40,35,35,30,30,25,25,25,20,20,25,30,30,35,35,35,40,40,40,40,45,45,50,50,40,35,35,35,30,30,30,25,25,25,20,20,20,Y20新北產業園區